STOCK,QTR,DATE,PRICE BEFORE EARNINGS ,OPEN PRICE AFTER EARNINGS,EXPECTED MOVE,ACTUAL MOVE,|ACTUAL MOVE|,ACTUAL % OF EXPECTED,INSIDE / OUTSIDE,EXPECTED % MOVE,ACTUAL % MOVE
AAPL,Q3,11/2/2017,168.11,174.00,6.59,5.89,5.89,0.89,INSIDE,3.92,3.50
AAPL,Q2,8/1/2017,150.05,159.28,4.88,9.23,9.23,1.89,OUTSIDE,3.25,6.15
AAPL,Q1,5/2/2017,147.51,145.59,4.78,-1.92,1.92,0.40,INSIDE,3.24,-1.30
AAPL,Q4,1/31/2017,121.35,127.03,4.16,5.68,5.68,1.37,OUTSIDE,3.43,4.68
AAPL,Q3,10/25/2016,118.25,114.31,4.79,-3.94,3.94,0.82,INSIDE,4.05,-3.33
AAPL,Q2,7/26/2016,96.67,104.27,3.62,7.60,7.60,2.10,OUTSIDE,3.74,7.86
AAPL,Q1,4/26/2016,104.35,96.00,4.40,-8.35,8.35,1.90,OUTSIDE,4.22,-8.00
AAPL,Q4,1/26/2016,99.99,96.04,5.02,-3.95,3.95,0.79,INSIDE,5.02,-3.95
AAPL,Q3,10/27/2015,114.55,116.93,6.63,2.38,2.38,0.36,INSIDE,5.79,2.08
AAPL,Q2,7/21/2015,130.75,121.99,5.67,-8.76,8.76,1.54,OUTSIDE,4.34,-6.70
AAPL,Q1,4/27/2015,132.65,134.46,5.98,1.81,1.81,0.30,INSIDE,4.51,1.36
AAPL,Q4,1/27/2015,109.14,117.63,6.45,8.49,8.49,1.32,OUTSIDE,5.91,7.78
AAPL,Q3,10/20/2014,99.76,103.02,4.00,3.26,3.26,0.81,INSIDE,4.01,3.27
AAPL,Q2,7/22/2014,94.72,95.42,3.77,0.70,0.70,0.19,INSIDE,3.98,0.74
AAPL,Q1,4/23/2014,524.75,568.21,20.66,43.46,43.46,2.10,OUTSIDE,3.94,8.28
AAPL,Q4,1/27/2014,550.50,508.68,25.36,-41.82,41.82,1.65,OUTSIDE,4.61,-7.60
AAPL,Q3,10/28/2013,529.87,536.27,27.24,6.40,6.40,0.23,INSIDE,5.14,1.21
AAPL,Q2,7/23/2013,418.99,438.93,18.97,19.94,19.94,1.05,OUTSIDE,4.53,4.76
AAPL,Q1,4/23/2013,406.13,393.54,28.00,-12.59,12.59,0.45,INSIDE,6.89,-3.10
AAPL,Q4,1/23/2013,514.00,460.14,32.32,-53.86,53.86,1.67,OUTSIDE,6.29,-10.48
AAPL,Q3,10/25/2012,609.54,609.43,29.21,-0.11,0.11,0.00,INSIDE,4.79,-0.02
AAPL,Q2,7/24/2012,600.92,574.46,30.11,-26.46,26.46,0.88,INSIDE,5.01,-4.40
AAPL,Q1,4/24/2012,560.28,615.63,30.78,55.35,55.35,1.80,OUTSIDE,5.49,9.88
AAPL,Q4,1/24/2012,420.41,454.44,20.70,34.03,34.03,1.64,OUTSIDE,4.92,8.09
AAPL,Q3,10/18/2011,422.24,401.35,18.05,-20.89,20.89,1.16,OUTSIDE,4.27,-4.95
AAPL,Q2,7/19/2011,376.85,396.12,16.79,19.27,19.27,1.15,OUTSIDE,4.45,5.11
AAPL,Q1,4/20/2011,342.41,355.00,13.41,12.59,12.59,0.94,INSIDE,3.92,3.68
AAPL,Q4,1/18/2011,340.65,348.35,13.50,7.70,7.70,0.57,INSIDE,3.96,2.26
AAPL,Q3,10/18/2010,318.00,303.40,21.33,-14.60,14.60,0.68,INSIDE,6.71,-4.59
AAPL,Q2,7/20/2010,251.89,265.09,11.88,13.20,13.20,1.11,OUTSIDE,4.72,5.24
AAPL,Q1,4/20/2010,244.59,258.80,12.21,14.21,14.21,1.16,OUTSIDE,4.99,5.81
AAPL,Q4,1/25/2010,203.07,205.95,13.04,2.88,2.88,0.22,INSIDE,6.42,1.42
AAPL,Q3,10/19/2009,189.86,200.60,10.96,10.74,10.74,0.98,INSIDE,5.77,5.66
AAPL,Q2,7/21/2009,151.51,157.79,8.65,6.28,6.28,0.73,INSIDE,5.71,4.14
AAPL,Q1,4/22/2009,121.51,126.62,8.45,5.11,5.11,0.60,INSIDE,6.95,4.21
AAPL,Q4,1/21/2009,82.83,88.04,7.85,5.21,5.21,0.66,INSIDE,9.48,6.29
AAPL,Q3,10/21/2008,91.49,97.37,11.81,5.88,5.88,0.50,INSIDE,12.91,6.43
AAPL,Q2,7/21/2008,166.29,149.00,12.01,-17.29,17.29,1.44,OUTSIDE,7.22,-10.40
AAPL,Q1,4/23/2008,162.89,165.34,13.46,2.45,2.45,0.18,INSIDE,8.27,1.50
AAPL,Q4,1/22/2008,155.65,136.19,15.21,-19.46,19.46,1.28,OUTSIDE,9.77,-12.50
AAPL,Q3,10/22/2007,174.36,188.56,12.47,14.20,14.20,1.14,OUTSIDE,7.15,8.14
AAPL,Q2,7/25/2007,137.26,145.91,10.10,8.65,8.65,0.86,INSIDE,7.36,6.30
AAPL,Q1,4/25/2007,95.35,101.58,4.62,6.23,6.23,1.35,OUTSIDE,4.85,6.54
AAPL,Q4,1/17/2007,94.95,92.10,5.40,-2.85,2.85,0.53,INSIDE,5.69,-3.00
AAPL,Q3,10/18/2006,74.53,79.26,4.82,4.73,4.73,0.98,INSIDE,6.46,6.35
AAPL,Q2,7/19/2006,54.10,60.96,3.96,6.86,6.86,1.73,OUTSIDE,7.32,12.68
AAPL,Q1,4/19/2006,65.65,69.51,3.47,3.86,3.86,1.11,OUTSIDE,5.28,5.88
AAPL,Q4,1/18/2006,82.49,81.25,5.04,-1.24,1.24,0.25,INSIDE,6.11,-1.50
AAPL,Q3,10/11/2005,51.59,48.65,3.83,-2.94,2.94,0.77,INSIDE,7.41,-5.70
AAPL,Q2,7/13/2005,38.35,40.79,2.25,2.44,2.44,1.08,OUTSIDE,5.87,6.36
AAPL,Q1,4/13/2005,41.04,38.81,3.42,-2.23,2.23,0.65,INSIDE,8.33,-5.43
AAPL,Q4,1/12/2005,65.46,73.71,4.63,8.25,8.25,1.78,OUTSIDE,7.08,12.60
AAPL,Q3,10/13/2004,39.75,43.19,1.89,3.44,3.44,1.82,OUTSIDE,4.75,8.65
AAPL,Q2,7/14/2004,29.58,32.66,2.12,3.08,3.08,1.46,OUTSIDE,7.15,10.41
AAPL,Q1,4/14/2004,26.64,28.82,1.62,2.18,2.18,1.35,OUTSIDE,6.08,8.18
AAPL,Q4,1/14/2004,24.20,22.91,1.40,-1.29,1.29,0.92,INSIDE,5.80,-5.33
AAPL,Q3,10/15/2003,24.82,23.80,1.17,-1.02,1.02,0.87,INSIDE,4.71,-4.11
AAPL,Q2,7/16/2003,19.87,20.19,1.04,0.32,0.32,0.31,INSIDE,5.21,1.61
AAPL,Q1,4/16/2003,13.24,13.20,0.75,-0.04,0.04,0.05,INSIDE,5.66,-0.30
AAPL,Q4,1/15/2003,14.43,14.21,0.94,-0.22,0.22,0.24,INSIDE,6.48,-1.52
AMGN,Q3,10/25/2017,177.50,170.87,4.91,-6.63,6.63,1.35,OUTSIDE,2.77,-3.74
AMGN,Q2,7/25/2017,180.89,176.01,5.06,-4.88,4.88,0.96,INSIDE,2.80,-2.70
AMGN,Q1,4/26/2017,164.61,160.13,4.52,-4.48,4.48,0.99,INSIDE,2.75,-2.72
AMGN,Q4,2/2/2017,159.49,166.10,6.04,6.61,6.61,1.09,OUTSIDE,3.79,4.14
AMGN,Q3,10/27/2016,160.57,151.69,4.35,-8.88,8.88,2.04,OUTSIDE,2.71,-5.53
AMGN,Q2,7/27/2016,170.68,168.93,5.38,-1.75,1.75,0.33,INSIDE,3.15,-1.03
AMGN,Q1,4/28/2016,160.56,159.39,4.60,-1.17,1.17,0.25,INSIDE,2.86,-0.73
AMGN,Q4,1/28/2016,148.35,149.40,5.56,1.05,1.05,0.19,INSIDE,3.75,0.71
AMGN,Q3,10/28/2015,162.67,164.99,5.95,2.32,2.32,0.39,INSIDE,3.66,1.43
AMGN,Q2,7/30/2015,171.69,177.50,6.62,5.81,5.81,0.88,INSIDE,3.86,3.38
AMGN,Q1,4/21/2015,168.46,173.04,4.99,4.58,4.58,0.92,INSIDE,2.96,2.72
AMGN,Q4,1/27/2015,158.89,158.32,5.28,-0.57,0.57,0.11,INSIDE,3.32,-0.36
AMGN,Q3,10/27/2014,148.20,151.75,4.20,3.55,3.55,0.85,INSIDE,2.83,2.40
AMGN,Q2,7/29/2014,123.31,128.63,3.01,5.32,5.32,1.77,OUTSIDE,2.44,4.31
AMGN,Q1,4/22/2014,119.30,116.06,3.01,-3.24,3.24,1.08,OUTSIDE,2.52,-2.72
AMGN,Q4,1/28/2014,120.70,117.00,3.56,-3.70,3.70,1.04,OUTSIDE,2.95,-3.07
AMGN,Q3,10/22/2013,116.21,114.94,3.91,-1.27,1.27,0.32,INSIDE,3.36,-1.09
AMGN,Q2,7/30/2013,111.20,107.88,4.49,-3.32,3.32,0.74,INSIDE,4.04,-2.99
AMGN,Q1,4/23/2013,112.76,106.67,4.72,-6.09,6.09,1.29,OUTSIDE,4.19,-5.40
AMGN,Q4,1/23/2013,83.07,83.34,3.88,0.27,0.27,0.07,INSIDE,4.67,0.33
AMGN,Q3,10/23/2012,87.32,88.06,2.77,0.74,0.74,0.27,INSIDE,3.17,0.85
AMGN,Q2,7/26/2012,79.30,80.51,2.61,1.21,1.21,0.46,INSIDE,3.29,1.53
AMGN,Q1,4/24/2012,68.63,69.12,2.01,0.49,0.49,0.24,INSIDE,2.93,0.71
AMGN,Q4,1/26/2012,68.08,67.03,2.35,-1.05,1.05,0.45,INSIDE,3.45,-1.54
AMGN,Q3,10/24/2011,58.95,58.46,1.83,-0.49,0.49,0.27,INSIDE,3.10,-0.83
AMGN,Q2,7/29/2011,54.70,55.02,1.50,0.32,0.32,0.21,INSIDE,2.74,0.59
AMGN,Q1,4/20/2011,56.18,55.26,1.82,-0.92,0.92,0.51,INSIDE,3.24,-1.64
AMGN,Q4,1/24/2011,57.29,56.91,1.52,-0.38,0.38,0.25,INSIDE,2.65,-0.66
AMGN,Q3,10/25/2010,57.95,57.11,1.99,-0.84,0.84,0.42,INSIDE,3.43,-1.45
AMGN,Q2,7/29/2010,53.37,53.21,1.77,-0.16,0.16,0.09,INSIDE,3.32,-0.30
AMGN,Q1,4/21/2010,58.71,57.81,2.00,-0.90,0.90,0.45,INSIDE,3.41,-1.53
AMGN,Q4,1/25/2010,55.71,56.20,1.96,0.49,0.49,0.25,INSIDE,3.52,0.88
AMGN,Q3,10/21/2009,59.40,57.71,2.25,-1.69,1.69,0.75,INSIDE,3.79,-2.85
AMGN,Q2,7/27/2009,60.77,62.71,2.76,1.94,1.94,0.70,INSIDE,4.54,3.19
AMGN,Q1,4/23/2009,46.82,48.07,2.18,1.25,1.25,0.57,INSIDE,4.66,2.67
AMGN,Q4,1/26/2009,54.41,53.40,2.64,-1.01,1.01,0.38,INSIDE,4.86,-1.86
AMGN,Q3,10/22/2008,49.70,53.15,3.78,3.45,3.45,0.91,INSIDE,7.61,6.94
AMGN,Q2,7/28/2008,60.48,63.09,2.64,2.61,2.61,0.99,INSIDE,4.36,4.32
AMGN,Q1,4/24/2008,42.40,42.37,1.56,-0.03,0.03,0.02,INSIDE,3.67,-0.07
AMGN,Q1,1/23/2008,44.75,44.15,2.21,-0.60,0.60,0.27,INSIDE,4.94,-1.34
AMGN,Q3,10/24/2007,58.13,58.21,1.88,0.08,0.08,0.04,INSIDE,3.23,0.14
AMGN,Q1,4/23/2007,62.19,62.05,1.88,-0.14,0.14,0.07,INSIDE,3.02,-0.23
AMGN,Q4,1/25/2007,74.85,71.69,1.90,-3.16,3.16,1.66,OUTSIDE,2.54,-4.22
AMZN,Q2,7/27/2017,1046.00,1012.14,39.35,-33.86,33.86,0.86,INSIDE,3.76,-3.24
AMZN,Q1,4/28/2017,918.38,948.83,37.02,30.45,30.45,0.82,INSIDE,4.03,3.32
AMZN,Q4,2/2/2017,839.74,806.72,35.38,-33.02,33.02,0.93,INSIDE,4.21,-3.93
AMZN,Q3,10/27/2016,818.36,782.00,41.85,-36.36,36.36,0.87,INSIDE,5.11,-4.44
AMZN,Q2,7/28/2016,752.61,765.00,45.82,12.39,12.39,0.27,INSIDE,6.09,1.65
AMZN,Q1,4/28/2016,602.00,666.00,43.14,64.00,64.00,1.48,OUTSIDE,7.17,10.63
AMZN,Q4,1/28/2016,635.35,571.98,48.10,-63.37,63.37,1.32,OUTSIDE,7.57,-9.97
AMZN,Q3,10/22/2015,563.91,617.68,47.76,53.77,53.77,1.13,OUTSIDE,8.47,9.54
AMZN,Q2,7/23/2015,478.00,580.00,40.60,102.00,102.00,2.51,OUTSIDE,8.49,21.34
AMZN,Q1,4/23/2015,390.00,440.00,27.58,50.00,50.00,1.81,OUTSIDE,7.07,12.82
AMZN,Q4,1/29/2015,311.00,346.00,24.28,35.00,35.00,1.44,OUTSIDE,7.81,11.25
AMZN,Q3,10/23/2014,313.00,284.00,24.00,-29.00,29.00,1.21,OUTSIDE,7.67,-9.27
AMZN,Q2,7/24/2014,358.00,317.00,19.51,-41.00,41.00,2.10,OUTSIDE,5.45,-11.45
AMZN,Q1,4/24/2014,337.00,316.00,20.40,-21.00,21.00,1.03,OUTSIDE,6.05,-6.23
AMZN,Q4,1/30/2014,403.00,371.00,31.33,-32.00,32.00,1.02,OUTSIDE,7.77,-7.94
AMZN,Q3,10/24/2013,332.00,358.00,22.29,26.00,26.00,1.17,OUTSIDE,6.71,7.83
AMZN,Q2,7/25/2013,303.00,300.00,18.00,-3.00,3.00,0.17,INSIDE,5.94,-0.99
AMZN,Q1,4/25/2013,274.00,269.00,18.14,-5.00,5.00,0.28,INSIDE,6.62,-1.82
AMZN,Q4,1/29/2013,258.00,283.00,23.21,25.00,25.00,1.08,OUTSIDE,9.00,9.69
AMZN,Q3,10/25/2012,222.00,228.00,19.22,6.00,6.00,0.31,INSIDE,8.66,2.70
AMZN,Q2,7/26/2012,220.00,225.00,19.58,5.00,5.00,0.26,INSIDE,8.90,2.27
AMZN,Q1,4/26/2012,196.00,224.00,13.30,28.00,28.00,2.11,OUTSIDE,6.79,14.29
AMZN,Q4,1/31/2012,194.00,173.00,17.44,-21.00,21.00,1.20,OUTSIDE,8.99,-10.82
AMZN,Q3,10/25/2011,227.00,203.00,18.29,-24.00,24.00,1.31,OUTSIDE,8.06,-10.57
AMZN,Q2,7/26/2011,214.00,224.00,13.90,10.00,10.00,0.72,INSIDE,6.50,4.67
AMZN,Q1,4/26/2011,182.00,183.00,10.50,1.00,1.00,0.10,INSIDE,5.77,0.55
AMZN,Q4,1/27/2011,184.00,171.00,11.20,-13.00,13.00,1.16,OUTSIDE,6.09,-7.07
AMZN,Q3,10/21/2010,165.00,162.00,11.68,-3.00,3.00,0.26,INSIDE,7.08,-1.82
AMZN,Q2,7/22/2010,120.00,105.00,7.75,-15.00,15.00,1.94,OUTSIDE,6.46,-12.50
AMZN,Q1,4/21/2010,150.00,145.00,8.92,-5.00,5.00,0.56,INSIDE,5.95,-3.33
AMZN,Q4,1/28/2010,126.00,129.00,11.76,3.00,3.00,0.26,INSIDE,9.33,2.38
AMZN,Q3,10/22/2009,93.00,111.00,7.85,18.00,18.00,2.29,OUTSIDE,8.44,19.35
AMZN,Q2,7/23/2009,94.00,87.00,7.79,-7.00,7.00,0.90,INSIDE,8.29,-7.45
AMZN,Q1,4/23/2009,80.00,82.00,7.77,2.00,2.00,0.26,INSIDE,9.71,2.50
AMZN,Q4,1/29/2009,50.00,58.00,6.99,8.00,8.00,1.14,OUTSIDE,13.98,16.00
AMZN,Q3,10/22/2008,50.00,43.00,8.22,-7.00,7.00,0.85,INSIDE,16.44,-14.00
AMZN,Q2,7/23/2008,70.00,76.00,9.28,6.00,6.00,0.65,INSIDE,13.26,8.57
AMZN,Q1,4/23/2008,81.00,77.00,8.56,-4.00,4.00,0.47,INSIDE,10.57,-4.94
AMZN,Q4,1/30/2008,74.00,68.00,9.76,-6.00,6.00,0.61,INSIDE,13.19,-8.11
AMZN,Q3,10/23/2007,100.00,91.00,10.64,-9.00,9.00,0.85,INSIDE,10.64,-9.00
AMZN,Q2,7/24/2007,69.00,85.00,9.10,16.00,16.00,1.76,OUTSIDE,13.19,23.19
AMZN,Q1,4/24/2007,44.00,53.00,4.98,9.00,9.00,1.81,OUTSIDE,11.32,20.45
AMZN,Q4,2/1/2007,38.70,37.23,4.04,-1.47,1.47,0.36,INSIDE,10.45,-3.80
AMZN,Q3,10/24/2006,33.63,37.30,3.16,3.67,3.67,1.16,OUTSIDE,9.39,10.91
AMZN,Q2,7/25/2006,33.59,28.76,3.58,-4.83,4.83,1.35,OUTSIDE,10.64,-14.38
AMZN,Q1,4/24/2006,35.79,35.59,3.20,-0.20,0.20,0.06,INSIDE,8.94,-0.56
AMZN,Q4,2/2/2006,42.74,37.70,3.19,-5.04,5.04,1.58,OUTSIDE,7.46,-11.79
AMZN,Q3,10/25/2005,46.17,41.00,5.06,-5.17,5.17,1.02,OUTSIDE,10.96,-11.20
AMZN,Q2,7/26/2005,37.74,42.01,5.74,4.27,4.27,0.74,INSIDE,15.20,11.31
AMZN,Q1,4/26/2005,32.71,30.84,2.83,-1.87,1.87,0.66,INSIDE,8.66,-5.72
AMZN,Q4,2/2/2005,41.88,34.90,4.38,-6.98,6.98,1.59,OUTSIDE,10.45,-16.67
AMZN,Q3,10/21/2004,39.47,36.22,3.87,-3.25,3.25,0.84,INSIDE,9.80,-8.23
AMZN,Q2,7/22/2004,45.82,42.46,4.72,-3.36,3.36,0.71,INSIDE,10.30,-7.33
AMZN,Q1,4/22/2004,48.86,45.90,5.53,-2.96,2.96,0.54,INSIDE,11.31,-6.06
AMZN,Q4,1/27/2004,55.74,56.75,5.06,1.01,1.01,0.20,INSIDE,9.07,1.81
AMZN,Q3,10/21/2003,59.35,56.06,6.58,-3.29,3.29,0.50,INSIDE,11.09,-5.54
AMZN,Q2,7/22/2003,34.87,37.75,3.49,2.88,2.88,0.83,INSIDE,9.99,8.26
AMZN,Q1,4/24/2003,25.12,28.00,2.12,2.88,2.88,1.36,OUTSIDE,8.45,11.46
AMZN,Q4,1/23/2003,21.79,22.59,2.72,0.80,0.80,0.29,INSIDE,12.48,3.67
BA,Q2,7/25/2017,212.46,223.48,5.63,11.02,11.02,1.96,OUTSIDE,2.65,5.19
BA,Q1,4/26/2017,183.51,182.31,5.34,-1.20,1.20,0.22,INSIDE,2.91,-0.65
BA,Q4,1/25/2017,160.55,163.59,3.87,3.04,3.04,0.79,INSIDE,2.41,1.89
BA,Q3,10/26/2016,139.02,138.43,5.07,-0.59,0.59,0.12,INSIDE,3.65,-0.42
BA,Q2,7/27/2016,134.85,136.14,3.91,1.29,1.29,0.33,INSIDE,2.90,0.96
BA,Q1,4/27/2016,133.24,133.20,4.84,-0.04,0.04,0.01,INSIDE,3.63,-0.03
BA,Q4,1/27/2016,128.01,119.90,3.87,-8.11,8.11,2.10,OUTSIDE,3.02,-6.34
BA,Q3,10/21/2015,138.88,141.70,3.87,2.82,2.82,0.73,INSIDE,2.79,2.03
BA,Q2,7/22/2015,145.00,148.90,4.13,3.90,3.90,0.95,INSIDE,2.84,2.69
BA,Q1,4/22/2015,153.33,152.36,4.55,-0.97,0.97,0.21,INSIDE,2.97,-0.63
BA,Q4,1/28/2015,132.48,136.30,3.61,3.82,3.82,1.06,OUTSIDE,2.72,2.88
BA,Q3,10/22/2014,127.12,127.99,2.93,0.87,0.87,0.30,INSIDE,2.30,0.68
BA,Q2,7/23/2014,129.74,127.79,2.94,-1.95,1.95,0.66,INSIDE,2.27,-1.50
BA,Q1,4/23/2014,127.55,130.67,3.35,3.12,3.12,0.93,INSIDE,2.63,2.45
BA,Q4,1/29/2014,137.09,137.61,4.07,0.52,0.52,0.13,INSIDE,2.97,0.38
BA,Q3,10/23/2013,122.48,126.00,3.00,3.52,3.52,1.18,OUTSIDE,2.45,2.87
BA,Q2,7/24/2013,107.79,107.18,2.59,-0.61,0.61,0.24,INSIDE,2.40,-0.57
BA,Q1,4/24/2013,88.18,91.95,2.84,3.77,3.77,1.33,OUTSIDE,3.22,4.28
BA,Q4,1/30/2013,73.65,74.42,1.86,0.77,0.77,0.41,INSIDE,2.53,1.05
BA,Q3,10/24/2012,72.82,74.95,2.07,2.13,2.13,1.03,OUTSIDE,2.85,2.93
BA,Q2,7/25/2012,72.03,74.20,2.80,2.17,2.17,0.78,INSIDE,3.88,3.01
BA,Q1,4/25/2012,73.21,75.05,1.90,1.84,1.84,0.97,INSIDE,2.60,2.51
BA,Q4,1/25/2012,75.36,73.97,2.12,-1.39,1.39,0.66,INSIDE,2.81,-1.84
BA,Q3,10/26/2011,63.72,67.56,2.33,3.84,3.84,1.65,OUTSIDE,3.66,6.03
BA,Q2,7/26/2011,71.31,71.38,1.51,0.07,0.07,0.05,INSIDE,2.12,0.10
BA,Q1,4/27/2011,75.55,76.03,1.95,0.48,0.48,0.25,INSIDE,2.57,0.64
BA,Q4,1/26/2011,72.24,69.99,3.07,-2.25,2.25,0.73,INSIDE,4.25,-3.11
BA,Q3,10/20/2010,69.05,70.00,3.94,0.95,0.95,0.24,INSIDE,5.71,1.38
BA,Q2,7/28/2010,68.62,67.62,4.00,-1.00,1.00,0.25,INSIDE,5.83,-1.46
BA,Q1,4/21/2010,71.41,71.51,3.53,0.10,0.10,0.03,INSIDE,4.94,0.14
BA,Q4,1/27/2010,57.71,58.84,1.19,1.13,1.13,0.95,INSIDE,2.06,1.96
BA,Q3,10/21/2009,51.89,51.07,3.89,-0.82,0.82,0.21,INSIDE,7.50,-1.58
BA,Q2,7/22/2009,43.02,42.40,3.72,-0.62,0.62,0.17,INSIDE,8.64,-1.44
BA,Q1,4/22/2009,36.65,37.85,1.66,1.20,1.20,0.72,INSIDE,4.53,3.27
BA,Q4,1/28/2009,43.22,43.47,1.79,0.25,0.25,0.14,INSIDE,4.15,0.58
BA,Q3,10/22/2008,46.40,44.16,5.46,-2.24,2.24,0.41,INSIDE,11.77,-4.83
BA,Q2,7/23/2008,69.26,67.32,3.55,-1.94,1.94,0.55,INSIDE,5.12,-2.80
BA,Q1,4/23/2008,78.56,80.65,2.81,2.09,2.09,0.74,INSIDE,3.58,2.66
BA,Q4,1/29/2008,77.60,79.70,2.31,2.10,2.10,0.91,INSIDE,2.97,2.71
BABA,Q2,8/17/2017,159.50,166.12,8.14,6.62,6.62,0.81,INSIDE,5.10,4.15
BABA,Q1,5/18/2017,120.72,116.31,5.36,-4.41,4.41,0.82,INSIDE,4.44,-3.65
BABA,Q4,1/24/2017,98.41,103.15,4.19,4.74,4.74,1.13,OUTSIDE,4.26,4.82
BABA,Q3,11/2/2016,101.15,103.85,4.22,2.70,2.70,0.64,INSIDE,4.17,2.67
BABA,Q2,8/11/2016,87.33,92.14,3.52,4.81,4.81,1.37,OUTSIDE,4.02,5.51
BABA,Q1,5/5/2016,75.82,79.52,3.64,3.70,3.70,1.02,OUTSIDE,4.80,4.88
BABA,Q4,1/28/2016,69.54,72.55,4.14,3.01,3.01,0.73,INSIDE,5.96,4.33
BABA,Q3,10/27/2015,76.35,82.11,5.55,5.76,5.76,1.04,OUTSIDE,7.27,7.54
BABA,Q2,8/12/2015,77.34,72.32,5.14,-5.02,5.02,0.98,INSIDE,6.64,-6.49
BABA,Q1,5/7/2015,80.00,88.83,5.46,8.83,8.83,1.62,OUTSIDE,6.82,11.04
BABA,Q4,1/29/2015,98.45,90.53,5.78,-7.92,7.92,1.37,OUTSIDE,5.87,-8.04
BABA,Q3,11/11/2014,119.15,117.25,3.34,-1.90,1.90,0.57,INSIDE,2.81,-1.59
BIDU,Q2,7/27/2017,201.17,196.85,9.26,-4.32,4.32,0.47,INSIDE,4.60,-2.15
BIDU,Q1,4/28/2017,187.86,181.08,10.42,-6.78,6.78,0.65,INSIDE,5.54,-3.61
BIDU,Q4,2/23/2017,184.64,181.00,8.16,-3.64,3.64,0.45,INSIDE,4.42,-1.97
BIDU,Q3,10/27/2016,176.05,180.74,9.09,4.69,4.69,0.52,INSIDE,5.16,2.66
BIDU,Q2,7/28/2016,165.63,161.01,9.20,-4.62,4.62,0.50,INSIDE,5.56,-2.79
BIDU,Q1,4/28/2016,186.02,189.50,12.45,3.48,3.48,0.28,INSIDE,6.69,1.87
BIDU,Q4,2/25/2016,158.22,175.24,12.89,17.02,17.02,1.32,OUTSIDE,8.15,10.76
BIDU,Q3,10/29/2015,168.99,176.88,13.51,7.89,7.89,0.58,INSIDE,7.99,4.67
BIDU,Q2,7/27/2015,197.68,172.60,16.97,-25.08,25.08,1.48,OUTSIDE,8.58,-12.69
BIDU,Q1,4/29/2015,219.00,209.00,11.82,-10.00,10.00,0.85,INSIDE,5.40,-4.57
BIDU,Q4,2/11/2015,214.00,204.00,11.80,-10.00,10.00,0.85,INSIDE,5.51,-4.67
BIDU,Q3,10/29/2014,224.00,222.00,12.93,-2.00,2.00,0.15,INSIDE,5.77,-0.89
BIDU,Q2,7/24/2014,204.00,221.00,12.75,17.00,17.00,1.33,OUTSIDE,6.25,8.33
BIDU,Q1,4/24/2014,159.00,164.00,8.52,5.00,5.00,0.59,INSIDE,5.36,3.14
BIDU,Q4,2/26/2014,172.00,174.00,10.07,2.00,2.00,0.20,INSIDE,5.86,1.16
BIDU,Q3,10/29/2013,159.00,168.00,15.18,9.00,9.00,0.59,INSIDE,9.54,5.66
BIDU,Q2,7/24/2013,113.00,129.00,6.76,16.00,16.00,2.37,OUTSIDE,5.98,14.16
BIDU,Q1,4/25/2013,92.00,84.00,6.58,-8.00,8.00,1.22,OUTSIDE,7.15,-8.70
CAT,Q2,7/24/2017,108.18,113.24,3.93,5.06,5.06,1.29,OUTSIDE,3.63,4.68
CAT,Q1,4/25/2017,96.81,102.88,2.28,6.07,6.07,2.67,OUTSIDE,2.35,6.27
CAT,Q4,1/26/2017,98.15,98.45,3.00,0.30,0.30,0.10,INSIDE,3.05,0.31
CAT,Q3,10/25/2016,85.99,83.81,3.39,-2.18,2.18,0.64,INSIDE,3.94,-2.54
CAT,Q2,7/26/2016,78.69,79.04,2.35,0.35,0.35,0.15,INSIDE,2.98,0.44
CAT,Q1,4/22/2016,78.66,78.93,3.01,0.27,0.27,0.09,INSIDE,3.83,0.34
CAT,Q4,1/28/2016,58.32,62.01,2.93,3.69,3.69,1.26,OUTSIDE,5.03,6.33
CAT,Q3,10/22/2015,69.67,67.92,3.28,-1.75,1.75,0.53,INSIDE,4.71,-2.51
CAT,Q2,7/23/2015,79.76,77.70,3.11,-2.06,2.06,0.66,INSIDE,3.90,-2.58
CAT,Q1,4/23/2015,84.87,86.85,2.95,1.98,1.98,0.67,INSIDE,3.47,2.33
CAT,Q4,1/27/2015,86.03,79.74,4.14,-6.29,6.29,1.52,OUTSIDE,4.81,-7.31
CAT,Q3,10/23/2014,94.57,97.60,3.30,3.03,3.03,0.92,INSIDE,3.48,3.20
CAT,Q2,7/24/2014,108.38,105.60,2.93,-2.78,2.78,0.95,INSIDE,2.70,-2.57
CAT,Q1,4/24/2014,103.38,106.02,3.27,2.64,2.64,0.81,INSIDE,3.17,2.55
CAT,Q4,1/27/2014,86.17,91.77,2.80,5.60,5.60,2.00,OUTSIDE,3.25,6.50
CAT,Q3,10/23/2013,89.17,84.15,2.65,-5.02,5.02,1.90,OUTSIDE,2.97,-5.63
CAT,Q2,7/24/2013,85.52,84.58,2.75,-0.94,0.94,0.34,INSIDE,3.22,-1.10
CAT,Q1,4/22/2013,80.43,81.24,2.62,0.81,0.81,0.31,INSIDE,3.26,1.01
CAT,Q4,1/28/2013,95.58,98.06,3.39,2.48,2.48,0.73,INSIDE,3.55,2.59
CAT,Q3,10/22/2012,86.62,82.94,3.40,-3.68,3.68,1.08,OUTSIDE,3.93,-4.25
CAT,Q2,7/25/2012,81.43,85.13,3.80,3.70,3.70,0.97,INSIDE,4.66,4.54
CAT,Q1,4/25/2012,108.40,106.85,4.14,-1.55,1.55,0.37,INSIDE,3.82,-1.43
CAT,Q4,1/26/2012,109.05,112.21,4.60,3.16,3.16,0.69,INSIDE,4.22,2.90
CAT,Q3,10/24/2011,87.39,91.76,5.15,4.37,4.37,0.85,INSIDE,5.89,5.00
CAT,Q2,7/22/2011,111.60,104.62,3.95,-6.98,6.98,1.77,OUTSIDE,3.54,-6.25
CAT,Q1,4/29/2011,112.64,115.40,3.81,2.76,2.76,0.73,INSIDE,3.38,2.45
CAT,Q4,1/27/2011,95.75,97.10,2.85,1.35,1.35,0.47,INSIDE,2.97,1.41
CAT,Q3,10/21/2010,80.32,80.99,3.20,0.67,0.67,0.21,INSIDE,3.98,0.83
CAT,Q2,7/22/2010,66.87,67.41,2.33,0.54,0.54,0.23,INSIDE,3.48,0.81
CAT,Q1,4/26/2010,68.78,70.88,3.46,2.10,2.10,0.61,INSIDE,5.03,3.05
CAT,Q4,1/27/2010,55.85,52.96,3.08,-2.89,2.89,0.94,INSIDE,5.52,-5.17
CAT,Q3,10/20/2009,57.85,61.17,6.07,3.32,3.32,0.55,INSIDE,10.49,5.74
CAT,Q2,7/21/2009,36.65,40.81,5.55,4.16,4.16,0.75,INSIDE,15.13,11.35
CAT,Q1,4/21/2009,30.48,28.98,5.21,-1.50,1.50,0.29,INSIDE,17.11,-4.92
CAT,Q4,1/26/2009,35.66,33.60,6.94,-2.06,2.06,0.30,INSIDE,19.47,-5.78
CAT,Q3,10/21/2008,40.90,40.40,9.44,-0.50,0.50,0.05,INSIDE,23.09,-1.22
CAT,Q2,7/22/2008,73.23,75.13,4.72,1.90,1.90,0.40,INSIDE,6.45,2.59
CAT,Q1,4/18/2008,78.59,81.03,3.41,2.44,2.44,0.72,INSIDE,4.34,3.10
CAT,Q4,1/24/2008,65.08,65.30,4.00,0.22,0.22,0.05,INSIDE,6.15,0.34
CELG,Q1,4/26/2017,125.52,126.26,3.23,0.74,0.74,0.23,INSIDE,2.58,0.59
CELG,Q4,1/26/2017,113.98,114.58,2.95,0.60,0.60,0.20,INSIDE,2.59,0.53
CELG,Q3,10/27/2016,98.41,101.81,3.23,3.40,3.40,1.05,OUTSIDE,3.28,3.45
CELG,Q2,7/28/2016,108.11,106.02,3.31,-2.09,2.09,0.63,INSIDE,3.06,-1.93
CELG,Q1,4/28/2016,106.15,107.90,4.39,1.75,1.75,0.40,INSIDE,4.14,1.65
CELG,Q4,1/28/2016,102.31,101.51,4.32,-0.80,0.80,0.19,INSIDE,4.22,-0.78
CELG,Q3,11/5/2015,127.17,122.50,3.66,-4.67,4.67,1.28,OUTSIDE,2.88,-3.67
CELG,Q2,7/23/2015,138.26,137.77,3.29,-0.49,0.49,0.15,INSIDE,2.38,-0.35
CELG,Q1,4/30/2015,113.20,109.50,3.15,-3.70,3.70,1.18,OUTSIDE,2.78,-3.27
CELG,Q4,1/29/2015,118.97,119.58,3.42,0.61,0.61,0.18,INSIDE,2.87,0.51
CELG,Q3,10/23/2014,94.76,95.98,2.39,1.22,1.22,0.51,INSIDE,2.52,1.29
CELG,Q2,7/24/2014,89.12,87.26,3.05,-1.86,1.86,0.61,INSIDE,3.42,-2.09
CELG,Q1,4/24/2014,144.82,141.99,3.10,-2.83,2.83,0.91,INSIDE,2.14,-1.95
CELG,Q4,1/30/2014,158.46,160.32,4.82,1.86,1.86,0.39,INSIDE,3.04,1.17
CELG,Q3,10/24/2013,160.00,158.89,5.43,-1.11,1.11,0.20,INSIDE,3.40,-0.69
CELG,Q2,7/25/2013,135.99,139.02,3.65,3.03,3.03,0.83,INSIDE,2.68,2.23
CELG,Q1,4/25/2013,118.28,120.50,4.99,2.22,2.22,0.45,INSIDE,4.22,1.88
CELG,Q4,1/24/2013,98.22,97.93,1.96,-0.29,0.29,0.15,INSIDE,2.00,-0.30
CELG,Q3,10/25/2012,74.06,74.69,3.26,0.63,0.63,0.19,INSIDE,4.40,0.85
CELG,Q2,7/26/2012,65.28,67.48,3.37,2.20,2.20,0.65,INSIDE,5.16,3.37
CELG,Q1,4/26/2012,77.91,74.74,2.24,-3.17,3.17,1.42,OUTSIDE,2.87,-4.07
CELG,Q4,1/26/2012,73.79,73.96,2.27,0.17,0.17,0.07,INSIDE,3.07,0.23
CELG,Q3,10/27/2011,66.47,65.71,3.42,-0.76,0.76,0.22,INSIDE,5.15,-1.14
CELG,Q2,7/28/2011,59.48,61.18,2.16,1.70,1.70,0.79,INSIDE,3.63,2.86
CELG,Q1,4/28/2011,59.00,58.72,1.97,-0.28,0.28,0.14,INSIDE,3.33,-0.47
CELG,Q4,1/27/2011,56.19,55.86,1.48,-0.33,0.33,0.22,INSIDE,2.63,-0.59
CELG,Q3,10/28/2010,59.40,58.59,2.08,-0.81,0.81,0.39,INSIDE,3.50,-1.36
CELG,Q2,7/29/2010,52.85,54.65,3.29,1.80,1.80,0.55,INSIDE,6.22,3.41
CELG,Q1,4/29/2010,59.63,63.43,2.14,3.80,3.80,1.77,OUTSIDE,3.59,6.37
CELG,Q4,1/28/2010,58.11,57.52,2.15,-0.59,0.59,0.27,INSIDE,3.71,-1.02
CELG,Q3,10/22/2009,54.58,56.46,2.40,1.88,1.88,0.78,INSIDE,4.40,3.44
CELG,Q2,7/23/2009,47.18,53.58,3.55,6.40,6.40,1.80,OUTSIDE,7.52,13.57
CELG,Q1,4/30/2009,42.40,43.08,2.21,0.68,0.68,0.31,INSIDE,5.22,1.60
CELG,Q4,1/29/2009,52.20,51.59,1.52,-0.61,0.61,0.40,INSIDE,2.92,-1.17
CELG,Q3,10/23/2008,53.29,52.80,3.00,-0.49,0.49,0.16,INSIDE,5.64,-0.92
CELG,Q2,7/24/2008,70.45,71.48,4.64,1.03,1.03,0.22,INSIDE,6.59,1.46
CELG,Q1,5/8/2008,63.10,63.29,3.83,0.19,0.19,0.05,INSIDE,6.07,0.30
CMG,Q2,7/25/2017,348.62,354.35,20.88,5.73,5.73,0.27,INSIDE,5.99,1.64
CMG,Q1,4/25/2017,471.76,474.66,25.79,2.89,2.89,0.11,INSIDE,5.47,0.61
CMG,Q4,2/2/2017,423.11,430.95,19.43,7.83,7.83,0.40,INSIDE,4.59,1.85
CMG,Q3,10/25/2016,405.67,387.24,28.76,-18.43,18.43,0.64,INSIDE,7.09,-4.54
CMG,Q2,7/21/2016,418.07,414.65,29.65,-3.42,3.42,0.12,INSIDE,7.09,-0.82
CMG,Q1,4/26/2016,445.92,425.00,27.84,-20.92,20.92,0.75,INSIDE,6.24,-4.69
CMG,Q4,2/2/2016,475.67,459.70,38.22,-15.97,15.97,0.42,INSIDE,8.03,-3.36
CMG,Q3,10/20/2015,705.63,665.67,52.39,-39.96,39.96,0.76,INSIDE,7.42,-5.66
CMG,Q2,7/21/2015,673.07,695.00,103.50,21.93,21.93,0.21,INSIDE,15.38,3.26
CMG,Q1,4/21/2015,692.52,655.13,44.97,-37.39,37.39,0.83,INSIDE,6.49,-5.40
CMG,Q4,2/3/2015,726.63,680.00,47.51,-46.63,46.63,0.98,INSIDE,6.54,-6.42
CMG,Q3,10/20/2014,653.03,607.55,52,-45.48,45.48,0.87,INSIDE,7.96,-6.96
CMG,Q2,7/21/2014,589.93,650.00,35.46,60.07,60.07,1.69,OUTSIDE,6.01,10.18
CMG,Q1,4/17/2014,552.40,582.70,41.23,30.30,30.30,0.73,INSIDE,7.46,5.49
CMG,Q4,1/30/2014,493.96,553.42,41.07,59.46,59.46,1.45,OUTSIDE,8.31,12.04
CMG,Q3,10/17/2013,439.07,481.05,25.94,41.98,41.98,1.62,OUTSIDE,5.91,9.56
CMG,Q2,7/18/2013,376.75,399.05,22.91,22.30,22.30,0.97,INSIDE,6.08,5.92
CMG,Q1,4/18/2013,328.36,344.91,24.37,16.55,16.55,0.68,INSIDE,7.42,5.04
CMG,Q4,2/5/2013,305.01,305.00,20.6,-0.01,0.01,0.00,INSIDE,6.75,0.00
CMG,Q3,10/18/2012,285.93,251.95,27.19,-33.98,33.98,1.25,OUTSIDE,9.51,-11.88
CMG,Q2,7/19/2012,403.86,328.45,19.3,-75.41,75.41,3.91,OUTSIDE,4.78,-18.67
CMG,Q1,4/19/2012,430.78,429.48,18.7,-1.30,1.30,0.07,INSIDE,4.34,-0.30
CMG,Q4,2/1/2012,370.41,366.19,20.13,-4.22,4.22,0.21,INSIDE,5.43,-1.14
CMG,Q3,10/20/2011,307.91,320.07,18.41,12.16,12.16,0.66,INSIDE,5.98,3.95
CMG,Q2,7/19/2011,333.71,324.75,18.88,-8.96,8.96,0.47,INSIDE,5.66,-2.68
CMG,Q1,4/20/2011,288.45,282.48,16.6,-5.97,5.97,0.36,INSIDE,5.75,-2.07
CMG,Q4,2/10/2011,256.63,248.91,20.98,-7.72,7.72,0.37,INSIDE,8.18,-3.01
CMG,Q3,10/21/2010,179.25,181.72,11.3,2.47,2.47,0.22,INSIDE,6.30,1.38
CMG,Q2,7/22/2010,133.16,137.01,6.62,3.85,3.85,0.58,INSIDE,4.97,2.89
CMG,Q1,4/21/2010,126.75,136.01,7.34,9.26,9.26,1.26,OUTSIDE,5.79,7.31
CMG,Q4,2/11/2010,101.12,98.63,6.54,-2.49,2.49,0.38,INSIDE,6.47,-2.46
CMG,Q3,10/22/2009,89.52,87.10,5.2,-2.42,2.42,0.47,INSIDE,5.81,-2.70
CMG,Q2,7/22/2009,88.78,86.85,5.87,-1.93,1.93,0.33,INSIDE,6.61,-2.17
CMG,Q1,4/22/2009,85.50,92.39,8.842,6.89,6.89,0.78,INSIDE,10.34,8.06
CMG,Q4,2/11/2009,47.42,50.71,4.38,3.29,3.29,0.75,INSIDE,9.24,6.94
CMG,Q3,10/22/2008,41.08,42.28,5.48,1.20,1.20,0.22,INSIDE,13.34,2.92
CMG,Q2,7/23/2008,83.80,73.68,8.93,-10.12,10.12,1.13,OUTSIDE,10.66,-12.08
CMG,Q1,4/23/2008,109.90,107.21,11.79,-2.69,2.69,0.23,INSIDE,10.73,-2.45
CMG,Q4,2/14/2008,109.70,97.07,14.14,-12.63,12.63,0.89,INSIDE,12.89,-11.51
COST,Q1,5/26/2017,174.72,180.34,4.50,5.62,5.62,1.25,OUTSIDE,2.58,3.22
COST,Q4,3/2/2017,177.98,170.70,5.86,-7.28,7.28,1.24,OUTSIDE,3.29,-4.09
COST,Q3,12/7/2016,153.85,156.64,4.09,2.79,2.79,0.68,INSIDE,2.66,1.81
COST,Q2,9/29/2016,147.49,151.79,4.33,4.30,4.30,0.99,INSIDE,2.93,2.92
COST,Q1,5/25/2016,144.54,149.01,4.26,4.47,4.47,1.05,OUTSIDE,2.94,3.09
COST,Q4,3/2/2016,152.79,148.56,4.93,-4.23,4.23,0.86,INSIDE,3.23,-2.77
COST,Q3,12/8/2015,168.87,162.72,3.96,-6.15,6.15,1.55,OUTSIDE,2.34,-3.64
COST,Q2,9/29/2015,143.72,143.54,3.94,-0.18,0.18,0.05,INSIDE,2.74,-0.13
COST,Q1,5/27/2015,145.42,144.32,2.82,-1.10,1.10,0.39,INSIDE,1.94,-0.76
COST,Q4,3/5/2015,147.17,150.77,2.90,3.60,3.60,1.24,OUTSIDE,1.97,2.45
COST,Q3,12/10/2014,143.04,144.94,2.52,1.90,1.90,0.75,INSIDE,1.76,1.33
COST,Q2,10/8/2014,125.27,128.20,3.13,2.93,2.93,0.94,INSIDE,2.50,2.34
COST,Q1,5/29/2014,114.24,114.58,2.25,0.34,0.34,0.15,INSIDE,1.97,0.30
COST,Q4,3/6/2014,116.47,112.93,2.59,-3.54,3.54,1.37,OUTSIDE,2.23,-3.04
COST,Q3,12/11/2013,120.04,118.10,2.56,-1.94,1.94,0.76,INSIDE,2.13,-1.62
COST,Q2,10/9/2013,112.21,111.08,2.11,-1.13,1.13,0.54,INSIDE,1.88,-1.01
COST,Q1,5/30/2013,112.95,114.28,3.57,1.33,1.33,0.37,INSIDE,3.16,1.18
COST,Q4,3/12/2013,102.44,103.61,3.01,1.17,1.17,0.39,INSIDE,2.94,1.14
COST,Q3,12/12/2012,98.31,99.02,2.38,0.71,0.71,0.30,INSIDE,2.42,0.72
COST,Q2,10/10/2012,99.64,102.40,2.77,2.76,2.76,1.00,INSIDE,2.78,2.77
COST,Q1,5/24/2012,83.31,84.25,1.79,0.94,0.94,0.53,INSIDE,2.14,1.13
COST,Q4,2/29/2012,85.27,86.19,1.48,0.92,0.92,0.62,INSIDE,1.73,1.08
COST,Q3,12/7/2011,87.47,84.87,2.79,-2.60,2.60,0.93,INSIDE,3.19,-2.97
COST,Q2,10/5/2011,81.65,80.99,2.99,-0.66,0.66,0.22,INSIDE,3.67,-0.81
COST,Q1,5/25/2011,81.35,80.33,1.28,-1.02,1.02,0.80,INSIDE,1.57,-1.25
COST,Q4,3/2/2011,73.62,73.50,1.87,-0.12,0.12,0.06,INSIDE,2.54,-0.16
COST,Q3,12/8/2010,69.64,69.38,1.87,-0.26,0.26,0.14,INSIDE,2.69,-0.37
COST,Q2,10/6/2010,64.66,63.00,2.04,-1.66,1.66,0.81,INSIDE,3.16,-2.57
COST,Q1,5/27/2010,55.98,57.34,1.57,1.36,1.36,0.87,INSIDE,2.80,2.43
COST,Q4,3/3/2010,61.38,59.75,1.58,-1.63,1.63,1.03,OUTSIDE,2.58,-2.66
COST,Q3,12/10/2009,58.66,59.15,1.56,0.49,0.49,0.31,INSIDE,2.66,0.84
COST,Q2,10/7/2009,57.93,59.76,2.45,1.83,1.83,0.75,INSIDE,4.22,3.16
COST,Q1,5/28/2009,48.83,47.94,1.96,-0.89,0.89,0.46,INSIDE,4.00,-1.82
COST,Q4,3/4/2009,40.69,41.11,1.87,0.42,0.42,0.22,INSIDE,4.60,1.03
COST,Q3,12/11/2008,53.69,52.25,3.39,-1.44,1.44,0.42,INSIDE,6.31,-2.68
COST,Q2,10/8/2008,57.80,54.00,5.87,-3.80,3.80,0.65,INSIDE,10.16,-6.57
COST,Q1,5/29/2008,73.24,73.83,2.69,0.59,0.59,0.22,INSIDE,3.67,0.81
COST,Q4,3/5/2008,62.39,61.67,2.45,-0.72,0.72,0.29,INSIDE,3.93,-1.15
COST,Q3,12/13/2007,70.19,65.52,4.00,-4.67,4.67,1.17,OUTSIDE,5.69,-6.65
COST,Q3,12/12/2007,70.19,56.52,3.61,-13.67,13.67,3.78,OUTSIDE,5.15,-19.48
COST,Q2,10/10/2007,63.31,68.32,2.76,5.01,5.01,1.81,OUTSIDE,4.36,7.91
COST,Q1,5/31/2007,56.53,56.12,2.12,-0.41,0.41,0.19,INSIDE,3.74,-0.73
COST,Q4,3/8/2007,56.12,55.48,1.78,-0.64,0.64,0.36,INSIDE,3.17,-1.14
COST,Q3,12/14/2006,53.14,54.55,1.74,1.41,1.41,0.81,INSIDE,3.27,2.65
COST,Q2,10/12/2006,50.07,51.79,2.12,1.72,1.72,0.81,INSIDE,4.23,3.44
COST,Q1,5/31/2006,53.56,52.99,2.11,-0.57,0.57,0.27,INSIDE,3.95,-1.06
COST,Q4,3/2/2006,52.19,51.25,2.18,-0.94,0.94,0.43,INSIDE,4.18,-1.80
COST,Q3,12/8/2005,49.35,48.20,1.56,-1.15,1.15,0.74,INSIDE,3.16,-2.33
COST,Q2,10/6/2005,42.91,43.92,2.15,1.01,1.01,0.47,INSIDE,5.00,2.35
COST,Q1,5/26/2005,45.42,46.32,2.25,0.90,0.90,0.40,INSIDE,4.96,1.98
COST,Q4,3/2/2005,46.71,45.41,1.86,-1.30,1.30,0.70,INSIDE,3.98,-2.78
COST,Q3,12/9/2004,48.89,47.25,1.77,-1.64,1.64,0.93,INSIDE,3.62,-3.35
COST,Q2,10/7/2004,42.93,44.20,1.56,1.27,1.27,0.81,INSIDE,3.64,2.96
COST,Q1,5/27/2004,37.44,38.72,1.79,1.28,1.28,0.72,INSIDE,4.78,3.42
COST,Q4,3/3/2004,39.71,38.72,1.91,-0.99,0.99,0.52,INSIDE,4.82,-2.49
DIS,Q1,5/9/2017,112.07,109.00,3.04,-3.07,3.07,1.01,OUTSIDE,2.72,-2.74
DIS,Q4,2/7/2017,109.00,109.56,3.39,0.56,0.56,0.17,INSIDE,3.11,0.51
DIS,Q3,11/10/2016,94.96,97.18,2.63,2.22,2.22,0.84,INSIDE,2.77,2.34
DIS,Q2,8/9/2016,96.67,96.70,3.05,0.03,0.03,0.01,INSIDE,3.16,0.03
DIS,Q1,5/10/2016,106.60,101.46,3.53,-5.14,5.14,1.46,OUTSIDE,3.31,-4.82
DIS,Q4,2/9/2016,92.32,88.00,5.50,-4.32,4.32,0.79,INSIDE,5.96,-4.68
DIS,Q3,11/5/2015,113.00,114.60,4.44,1.60,1.60,0.36,INSIDE,3.93,1.42
DIS,Q2,8/4/2015,121.69,110.83,3.85,-10.86,10.86,2.82,OUTSIDE,3.16,-8.92
DIS,Q1,5/4/2015,111.03,113.27,3.62,2.24,2.24,0.62,INSIDE,3.26,2.02
DIS,Q4,2/3/2015,94.10,99.39,2.21,5.29,5.29,2.40,OUTSIDE,2.35,5.62
DIS,Q3,11/6/2014,92.00,89.39,2.19,-2.61,2.61,1.19,OUTSIDE,2.38,-2.84
DIS,Q2,8/5/2014,86.75,86.18,2.22,-0.57,0.57,0.26,INSIDE,2.56,-0.66
DIS,Q1,5/6/2014,81.03,81.65,2.22,0.62,0.62,0.28,INSIDE,2.74,0.77
DIS,Q4,2/5/2014,71.76,75.61,2.05,3.85,3.85,1.88,OUTSIDE,2.86,5.37
DIS,Q3,11/7/2013,67.15,66.87,1.67,-0.28,0.28,0.17,INSIDE,2.49,-0.42
DIS,Q2,8/6/2013,67.05,64.93,2.19,-2.12,2.12,0.97,INSIDE,3.27,-3.16
DIS,Q1,5/7/2013,66.07,66.00,2.37,-0.07,0.07,0.03,INSIDE,3.59,-0.11
DIS,Q4,2/5/2013,54.29,55.40,1.98,1.11,1.11,0.56,INSIDE,3.64,2.04
DIS,Q3,11/8/2012,50.04,46.99,1.63,-3.05,3.05,1.87,OUTSIDE,3.25,-6.10
DIS,Q2,8/7/2012,49.81,49.36,2.08,-0.45,0.45,0.22,INSIDE,4.17,-0.90
DIS,Q1,5/8/2012,44.30,44.46,1.63,0.16,0.16,0.10,INSIDE,3.68,0.36
DIS,Q4,2/7/2012,40.98,41.37,1.70,0.39,0.39,0.23,INSIDE,4.15,0.95
DIS,Q3,11/10/2011,34.64,36.63,1.70,1.99,1.99,1.17,OUTSIDE,4.91,5.74
DIS,Q2,8/9/2011,34.70,31.84,2.09,-2.86,2.86,1.37,OUTSIDE,6.01,-8.24
DIS,Q1,5/10/2011,43.91,42.11,1.18,-1.80,1.80,1.53,OUTSIDE,2.68,-4.10
DIS,Q4,2/8/2011,41.18,42.76,1.28,1.58,1.58,1.24,OUTSIDE,3.10,3.84
DIS,Q3,11/11/2010,35.93,36.76,0.75,0.83,0.83,1.11,OUTSIDE,2.09,2.32
DIS,Q2,8/10/2010,35.29,34.77,1.15,-0.52,0.52,0.45,INSIDE,3.25,-1.47
DIS,Q1,5/11/2010,35.76,34.98,1.83,-0.78,0.78,0.43,INSIDE,5.11,-2.18
DIS,Q4,2/9/2010,29.84,29.16,0.96,-0.68,0.68,0.71,INSIDE,3.21,-2.28
DIS,Q3,11/12/2009,29.05,29.75,1.07,0.70,0.70,0.65,INSIDE,3.69,2.41
DIS,Q2,7/30/2009,26.22,25.39,1.15,-0.83,0.83,0.72,INSIDE,4.37,-3.17
DIS,Q1,5/5/2009,23.15,24.95,1.32,1.80,1.80,1.36,OUTSIDE,5.70,7.78
DIS,Q4,2/3/2009,20.62,19.59,1.87,-1.03,1.03,0.55,INSIDE,9.07,-5.00
DIS,Q3,11/6/2008,22.81,21.55,1.71,-1.26,1.26,0.74,INSIDE,7.50,-5.52
DIS,Q2,7/30/2008,31.67,30.55,1.88,-1.12,1.12,0.60,INSIDE,5.94,-3.54
DIS,Q1,5/6/2008,33.73,34.21,1.72,0.48,0.48,0.28,INSIDE,5.08,1.42
DIS,Q4,2/4/2008,30.90,30.99,1.38,0.09,0.09,0.07,INSIDE,4.46,0.29
FB,Q2,7/26/2017,165.61,170.44,2.26,4.83,4.83,2.14,OUTSIDE,1.36,2.92
FB,Q1,5/3/2017,151.80,150.17,5.07,-1.63,1.63,0.32,INSIDE,3.34,-1.07
FB,Q4,2/1/2017,133.23,133.22,6.00,-0.01,0.01,0.00,INSIDE,4.50,-0.01
FB,Q3,11/2/2016,127.17,122.00,17.65,-5.17,5.17,0.29,INSIDE,13.88,-4.07
FB,Q2,7/27/2016,123.34,127.52,7.39,4.18,4.18,0.57,INSIDE,5.99,3.39
FB,Q1,4/27/2016,108.89,119.58,15.80,10.69,10.69,0.68,INSIDE,14.51,9.81
FB,Q4,1/27/2016,94.45,107.20,4.98,12.75,12.75,2.56,OUTSIDE,5.27,13.50
FB,Q3,11/4/2015,103.94,108.80,5.29,4.86,4.86,0.92,INSIDE,5.09,4.68
FB,Q2,7/29/2015,96.99,94.91,7.49,-2.08,2.08,0.28,INSIDE,7.72,-2.14
FB,Q1,4/22/2015,84.63,84.10,4.23,-0.53,0.53,0.13,INSIDE,5.00,-0.63
FB,Q4,1/28/2015,76.24,76.85,5.03,0.61,0.61,0.12,INSIDE,6.60,0.80
FB,Q3,10/28/2014,80.77,75.45,5.27,-5.32,5.32,1.01,OUTSIDE,6.52,-6.59
FB,Q2,7/23/2014,71.29,75.96,5.032,4.67,4.67,0.93,INSIDE,7.06,6.55
FB,Q1,4/23/2014,61.36,63.80,5.294,2.44,2.44,0.46,INSIDE,8.63,3.98
FB,Q4,1/29/2014,53.53,62.12,5.31,8.59,8.59,1.62,OUTSIDE,9.92,16.05
FB,Q3,10/30/2013,49.01,47.16,5.25,-1.85,1.85,0.35,INSIDE,10.71,-3.77
FB,Q2,7/24/2013,26.51,33.55,4.62,7.04,7.04,1.52,OUTSIDE,17.43,26.56
FB,Q1,5/1/2013,27.43,28.01,2.18,0.58,0.58,0.27,INSIDE,7.95,2.11
FDX,Q1,6/20/2017,208.95,209.80,8.84,0.85,0.85,0.10,INSIDE,4.23,0.41
FDX,Q4,3/21/2017,191.84,195.67,7.97,3.83,3.83,0.48,INSIDE,4.15,2.00
FDX,Q3,12/20/2016,198.74,194.50,8.25,-4.24,4.24,0.51,INSIDE,4.15,-2.13
FDX,Q2,9/20/2016,162.65,170.61,5.79,7.96,7.96,1.37,OUTSIDE,3.56,4.89
FDX,Q1,6/21/2016,163.95,162.07,6.80,-1.88,1.88,0.28,INSIDE,4.15,-1.15
FDX,Q4,3/16/2016,144.27,155.50,5.27,11.23,11.23,2.13,OUTSIDE,3.65,7.78
FDX,Q3,12/16/2015,148.83,156.85,5.38,8.02,8.02,1.49,OUTSIDE,3.62,5.39
FDX,Q2,9/16/2015,154.00,151.80,4.34,-2.20,2.20,0.51,INSIDE,2.82,-1.43
FDX,Q1,6/17/2015,182.13,178.03,4.21,-4.10,4.10,0.97,INSIDE,2.31,-2.25
FDX,Q4,3/18/2015,175.71,172.00,5.89,-3.71,3.71,0.63,INSIDE,3.35,-2.11
FDX,Q3,12/17/2014,174.26,169.79,5.68,-4.47,4.47,0.79,INSIDE,3.26,-2.57
FDX,Q2,9/17/2014,154.66,159.70,4.19,5.04,5.04,1.20,OUTSIDE,2.71,3.26
FDX,Q1,6/18/2014,140.31,145.35,3.52,5.04,5.04,1.43,OUTSIDE,2.51,3.59
FDX,Q4,3/19/2014,138.57,138.11,4.00,-0.46,0.46,0.12,INSIDE,2.88,-0.33
FDX,Q3,12/18/2013,139.09,138.10,5.99,-0.99,0.99,0.17,INSIDE,4.31,-0.71
FDX,Q2,9/18/2013,110.68,113.20,3.71,2.52,2.52,0.68,INSIDE,3.36,2.28
FDX,Q1,6/19/2013,99.48,100.96,4.12,1.48,1.48,0.36,INSIDE,4.14,1.49
FDX,Q4,3/20/2013,106.46,102.00,3.80,-4.46,4.46,1.17,OUTSIDE,3.57,-4.19
FDX,Q3,12/19/2012,92.36,93.12,2.66,0.76,0.76,0.29,INSIDE,2.88,0.82
FDX,Q2,9/18/2012,89.28,86.95,2.20,-2.33,2.33,1.06,OUTSIDE,2.46,-2.61
FDX,Q1,6/19/2012,88.51,87.02,3.44,-1.49,1.49,0.43,INSIDE,3.89,-1.68
FDX,Q4,3/22/2012,95.82,93.36,4.80,-2.46,2.46,0.51,INSIDE,5.01,-2.57
FDX,Q3,12/15/2011,77.29,80.14,4.19,2.85,2.85,0.68,INSIDE,5.43,3.69
FDX,Q2,9/22/2011,72.50,70.04,4.46,-2.46,2.46,0.55,INSIDE,6.16,-3.39
FDX,Q1,6/22/2011,89.13,91.50,3.46,2.37,2.37,0.68,INSIDE,3.89,2.66
FDX,Q4,3/17/2011,85.28,89.79,3.51,4.51,4.51,1.28,OUTSIDE,4.12,5.29
FDX,Q3,12/16/2010,92.39,91.86,4.07,-0.53,0.53,0.13,INSIDE,4.40,-0.57
FDX,Q2,9/16/2010,85.94,83.41,3.16,-2.53,2.53,0.80,INSIDE,3.67,-2.94
FDX,Q1,6/16/2010,83.01,81.40,3.16,-1.61,1.61,0.51,INSIDE,3.81,-1.94
FDX,Q4,3/18/2010,89.80,87.85,3.86,-1.95,1.95,0.51,INSIDE,4.30,-2.17
FDX,Q3,12/17/2009,89.95,86.49,2.22,-3.46,3.46,1.56,OUTSIDE,2.47,-3.85
FDX,Q2,9/17/2009,78.20,76.45,2.11,-1.75,1.75,0.83,INSIDE,2.70,-2.24
FDX,Q1,6/17/2009,51.42,50.28,3.18,-1.14,1.14,0.36,INSIDE,6.18,-2.22
FDX,Q4,3/19/2009,43.05,43.96,3.85,0.91,0.91,0.24,INSIDE,8.94,2.11
FDX,Q3,12/18/2008,63.97,64.99,2.24,1.02,1.02,0.45,INSIDE,3.51,1.59
FDX,Q2,9/18/2008,88.07,88.36,3.61,0.29,0.29,0.08,INSIDE,4.10,0.33
FDX,Q1,6/18/2008,84.33,80.75,3.89,-3.58,3.58,0.92,INSIDE,4.61,-4.25
FDX,Q4,3/20/2008,86.23,84.02,3.75,-2.21,2.21,0.59,INSIDE,4.35,-2.56
FDX,Q3,12/20/2007,94.63,95.12,3.29,0.49,0.49,0.15,INSIDE,3.48,0.52
FDX,Q2,9/20/2007,107.51,105.91,2.03,-1.60,1.60,0.79,INSIDE,1.88,-1.49
FDX,Q1,6/20/2007,108.06,110.01,1.97,1.95,1.95,0.99,INSIDE,1.82,1.80
FDX,Q4,3/21/2007,112.29,109.20,4.03,-3.09,3.09,0.77,INSIDE,3.58,-2.75
FDX,Q3,12/20/2006,114.00,110.09,4.77,-3.91,3.91,0.82,INSIDE,4.18,-3.43
FDX,Q2,9/21/2006,107.53,109.49,5.31,1.96,1.96,0.37,INSIDE,4.94,1.82
FDX,Q1,6/21/2006,108.32,110.95,4.90,2.63,2.63,0.54,INSIDE,4.53,2.43
FDX,Q4,3/22/2006,113.22,112.71,4.94,-0.51,0.51,0.10,INSIDE,4.37,-0.45
FDX,Q3,12/21/2005,98.49,100.63,4.39,2.14,2.14,0.49,INSIDE,4.46,2.17
FDX,Q2,9/21/2005,77.00,82.29,3.04,5.29,5.29,1.74,OUTSIDE,3.95,6.87
FDX,Q1,6/23/2005,88.12,85.50,3.00,-2.62,2.62,0.87,INSIDE,3.40,-2.97
FDX,Q4,3/17/2005,96.93,95.99,2.88,-0.94,0.94,0.33,INSIDE,2.97,-0.97
FDX,Q3,12/16/2004,98.75,95.59,2.73,-3.16,3.16,1.16,OUTSIDE,2.76,-3.20
FDX,Q2,9/22/2004,88.69,87.18,3.25,-1.51,1.51,0.46,INSIDE,3.67,-1.70
FDX,Q1,6/23/2004,78.43,79.03,2.98,0.60,0.60,0.20,INSIDE,3.79,0.77
FDX,Q4,3/17/2004,68.43,68.75,2.28,0.32,0.32,0.14,INSIDE,3.34,0.47
FDX,Q3,12/17/2003,74.31,72.95,1.50,-1.36,1.36,0.91,INSIDE,2.01,-1.83
FDX,Q2,9/17/2003,66.08,65.50,1.32,-0.58,0.58,0.44,INSIDE,2.00,-0.88
FDX,Q1,6/24/2003,61.99,61.01,2.64,-0.98,0.98,0.37,INSIDE,4.26,-1.58
FDX,Q4,3/19/2003,51.68,52.80,2.46,1.12,1.12,0.45,INSIDE,4.77,2.17
GILD,Q1,5/2/2017,68.59,67.11,2.85,-1.48,1.48,0.52,INSIDE,4.16,-2.16
GILD,Q4,2/7/2017,73.13,67.27,2.92,-5.86,5.86,2.01,OUTSIDE,3.99,-8.01
GILD,Q3,11/1/2016,74.07,74.00,3.14,-0.07,0.07,0.02,INSIDE,4.24,-0.09
GILD,Q2,7/25/2016,88.55,84.05,3.66,-4.50,4.50,1.23,OUTSIDE,4.13,-5.08
GILD,Q1,4/28/2016,97.00,91.19,3.65,-5.81,5.81,1.59,OUTSIDE,3.77,-5.99
GILD,Q4,2/3/2016,107.18,98.93,4.72,-8.25,8.25,1.75,OUTSIDE,4.40,-7.70
GILD,Q3,2/2/2016,82.71,84.91,4.34,2.21,2.21,0.51,INSIDE,5.24,2.67
GILD,Q2,10/27/2015,110.96,109.00,4.60,-1.96,1.96,0.43,INSIDE,4.14,-1.77
GILD,Q1,7/28/2015,113.07,118.38,6.46,5.31,5.31,0.82,INSIDE,5.71,4.70
GILD,Q4,4/30/2015,100.51,103.20,4.41,2.69,2.69,0.61,INSIDE,4.38,2.68
GILD,Q3,10/28/2014,113.45,109.85,5.52,-3.60,3.60,0.65,INSIDE,4.87,-3.17
GILD,Q2,7/23/2014,90.34,91.56,4.36,1.22,1.22,0.28,INSIDE,4.82,1.35
GILD,Q1,4/22/2014,72.86,74.93,3.39,2.07,2.07,0.61,INSIDE,4.66,2.84
GILD,Q4,2/4/2014,82.02,81.98,4.04,-0.04,0.04,0.01,INSIDE,4.93,-0.05
GILD,Q3,10/29/2013,69.50,71.89,2.12,2.39,2.39,1.13,OUTSIDE,3.05,3.44
GILD,Q2,7/25/2013,60.86,63.82,3.33,2.96,2.96,0.89,INSIDE,5.47,4.86
GILD,Q1,5/2/2013,52.18,54.55,1.60,2.37,2.37,1.48,OUTSIDE,3.06,4.54
GILD,Q4,2/4/2013,39.59,40.15,1.42,0.56,0.56,0.39,INSIDE,3.59,1.41
GOOG,Q2,7/24/2017,980.34,953.81,32.64,-26.53,26.53,0.81,INSIDE,3.33,-2.71
GOOG,Q1,4/28/2017,874.25,910.66,26.82,36.41,36.41,1.36,OUTSIDE,3.07,4.16
GOOG,Q4,1/26/2017,832.15,834.71,29.87,2.56,2.56,0.09,INSIDE,3.59,0.31
GOOG,Q3,10/27/2016,795.35,808.35,32.72,13.00,13.00,0.40,INSIDE,4.11,1.63
GOOG,Q2,7/28/2016,745.91,772.71,35.16,26.80,26.80,0.76,INSIDE,4.71,3.59
GOOG,Q1,4/21/2016,759.14,726.30,37.32,-32.84,32.84,0.88,INSIDE,4.92,-4.33
GOOG,Q4,2/1/2016,752.00,784.50,47.07,32.50,32.50,0.69,INSIDE,6.26,4.32
GOOG,Q3,10/22/2015,651.79,727.50,34.39,75.71,75.71,2.20,OUTSIDE,5.28,11.62
GOOG,Q2,7/16/2015,579.85,649.00,22.82,69.15,69.15,3.03,OUTSIDE,3.94,11.93
GOOG,Q1,4/23/2015,547.00,540.55,21.57,-6.45,6.45,0.30,INSIDE,3.94,-1.18
GOOG,Q4,1/29/2015,510.66,515.81,22.08,5.15,5.15,0.23,INSIDE,4.32,1.01
GOOG,Q3,10/16/2014,524.51,527.25,31.36,2.74,2.74,0.09,INSIDE,5.98,0.52
GOOG,Q2,7/17/2014,573.73,593.00,24.00,19.27,19.27,0.80,INSIDE,4.18,3.36
GOOG,Q1,4/16/2014,556.54,549.42,31.35,-7.12,7.12,0.23,INSIDE,5.63,-1.28
GOOG,Q4,1/30/2014,1135.39,1172.00,64.87,36.61,36.61,0.56,INSIDE,5.71,3.22
GOOG,Q3,10/17/2013,888.79,976.58,31.97,87.79,87.79,2.75,OUTSIDE,3.60,9.88
GOOG,Q2,7/18/2013,910.68,886.61,34.60,-24.07,24.07,0.70,INSIDE,3.80,-2.64
GOOG,Q1,4/18/2013,765.91,769.16,34.43,3.25,3.25,0.09,INSIDE,4.50,0.42
GOOG,Q4,1/22/2013,702.87,736.00,34.42,33.13,33.13,0.96,INSIDE,4.90,4.71
GOOG,Q3,10/18/2012,755.49,695.00,36.21,-60.49,60.49,1.67,OUTSIDE,4.79,-8.01
GOOG,Q2,7/19/2012,593.06,608.76,26.68,15.70,15.70,0.59,INSIDE,4.50,2.65
GOOG,Q1,4/12/2012,651.01,647.55,36.09,-3.46,3.46,0.10,INSIDE,5.54,-0.53
GOOG,Q4,1/19/2012,639.57,590.53,31.55,-49.04,49.04,1.55,OUTSIDE,4.93,-7.67
GOOG,Q3,10/13/2011,558.99,599.47,31.96,40.48,40.48,1.27,OUTSIDE,5.72,7.24
GOOG,Q2,7/14/2011,528.94,597.50,25.16,68.56,68.56,2.72,OUTSIDE,4.76,12.96
GOOG,Q1,4/14/2011,578.51,545.29,25.63,-33.22,33.22,1.30,OUTSIDE,4.43,-5.74
GOOG,Q4,1/20/2011,626.77,639.08,29.25,12.31,12.31,0.42,INSIDE,4.67,1.96
GOOG,Q3,10/14/2010,540.93,599.27,23.82,58.34,58.34,2.45,OUTSIDE,4.40,10.79
GOOG,Q2,7/15/2010,494.02,469.12,22.72,-24.90,24.90,1.10,OUTSIDE,4.60,-5.04
GOOG,Q1,4/15/2010,595.30,563.00,23.93,-32.30,32.30,1.35,OUTSIDE,4.02,-5.43
GOOG,Q4,1/21/2010,582.98,564.50,26.54,-18.48,18.48,0.70,INSIDE,4.55,-3.17
GOOG,Q3,10/15/2009,529.91,547.33,22.65,17.42,17.42,0.77,INSIDE,4.27,3.29
GOOG,Q2,7/16/2009,442.60,433.00,20.17,-9.60,9.60,0.48,INSIDE,4.56,-2.17
GOOG,Q1,4/16/2009,388.74,386.02,29.60,-2.72,2.72,0.09,INSIDE,7.61,-0.70
GOOG,Q4,1/22/2009,306.50,309.27,23.42,2.77,2.77,0.12,INSIDE,7.64,0.90
GOOG,Q3,10/16/2008,353.02,378.96,47.41,25.94,25.94,0.55,INSIDE,13.43,7.35
GOOG,Q2,7/17/2008,533.44,498.35,37.85,-35.09,35.09,0.93,INSIDE,7.10,-6.58
GOOG,Q1,4/17/2008,449.54,535.21,33.75,85.67,85.67,2.54,OUTSIDE,7.51,19.06
GOOG,Q4,1/31/2008,564.30,528.67,46.33,-35.63,35.63,0.77,INSIDE,8.21,-6.31
GOOG,Q3,10/18/2007,639.62,654.56,33.71,14.94,14.94,0.44,INSIDE,5.27,2.34
GOOG,Q2,7/19/2007,548.59,553.46,22.27,4.87,4.87,0.22,INSIDE,4.06,0.89
GOOG,Q1,4/19/2007,471.65,490.52,19.62,18.87,18.87,0.96,INSIDE,4.16,4.00
GOOG,Q4,1/31/2007,501.50,506.00,34.81,4.50,4.50,0.13,INSIDE,6.94,0.90
GOOG,Q3,10/19/2006,426.06,458.99,21.77,32.93,32.93,1.51,OUTSIDE,5.11,7.73
GOOG,Q2,7/20/2006,387.12,386.14,22.48,-0.98,0.98,0.04,INSIDE,5.81,-0.25
GOOG,Q1,4/20/2006,415.00,448.90,24.31,33.90,33.90,1.39,OUTSIDE,5.86,8.17
GOOG,Q4,1/31/2006,432.66,389.03,45.82,-43.63,43.63,0.95,INSIDE,10.59,-10.08
GOOG,Q3,10/20/2005,303.20,345.80,27.82,42.60,42.60,1.53,OUTSIDE,9.18,14.05
GOOG,Q2,7/21/2005,313.94,306.37,29.41,-7.57,7.57,0.26,INSIDE,9.37,-2.41
GOOG,Q1,4/21/2005,204.22,222.91,15.81,18.69,18.69,1.18,OUTSIDE,7.74,9.15
GOOG,Q4,2/1/2005,191.90,215.55,19.54,23.65,23.65,1.21,OUTSIDE,10.18,12.32
GOOG,Q3,10/21/2004,149.29,170.44,15.98,21.15,21.15,1.32,OUTSIDE,10.70,14.16
GS,Q2,7/17/2017,229.26,227.50,5.94,-1.76,1.76,0.30,INSIDE,2.59,-0.77
HD,Q2,8/15/2017,154.26,154.28,4.54,0.02,0.02,0.00,INSIDE,2.94,0.01
HD,Q1,5/16/2017,157.33,160.04,3.92,2.71,2.71,0.69,INSIDE,2.49,1.72
HD,Q4,2/21/2017,143.00,145.00,3.09,2.00,2.00,0.65,INSIDE,2.16,1.40
HD,Q3,11/15/2016,127.67,127.07,3.50,-0.60,0.60,0.17,INSIDE,2.74,-0.47
HD,Q2,8/16/2016,137.06,137.65,3.03,0.59,0.59,0.19,INSIDE,2.21,0.43
HD,Q1,5/17/2016,135.34,133.15,4.94,-2.19,2.19,0.44,INSIDE,3.65,-1.62
HD,Q4,2/23/2016,122.85,127.00,3.85,4.15,4.15,1.08,OUTSIDE,3.13,3.38
HD,Q3,11/17/2015,120.84,124.86,3.71,4.02,4.02,1.08,OUTSIDE,3.07,3.33
HD,Q2,8/18/2015,119.70,121.83,3.43,2.13,2.13,0.62,INSIDE,2.87,1.78
HD,Q1,5/19/2015,114.33,116.12,2.94,1.79,1.79,0.61,INSIDE,2.57,1.57
HD,Q4,2/24/2015,112.28,117.50,3.35,5.22,5.22,1.56,OUTSIDE,2.98,4.65
HD,Q3,11/18/2014,98.03,97.15,2.87,-0.88,0.88,0.31,INSIDE,2.92,-0.90
HD,Q2,8/19/2014,83.59,86.90,2.06,3.31,3.31,1.61,OUTSIDE,2.47,3.96
HD,Q1,5/20/2014,76.50,77.92,1.97,1.42,1.42,0.72,INSIDE,2.58,1.86
HD,Q4,2/25/2014,77.87,79.68,2.31,1.81,1.81,0.79,INSIDE,2.96,2.32
HD,Q3,11/19/2013,79.67,82.22,3.30,2.55,2.55,0.77,INSIDE,4.14,3.20
HD,Q2,8/20/2013,75.21,77.04,2.84,1.83,1.83,0.64,INSIDE,3.78,2.43
HD,Q1,5/21/2013,76.76,79.33,2.53,2.57,2.57,1.02,OUTSIDE,3.29,3.35
HD,Q4,2/26/2013,63.92,65.56,2.29,1.64,1.64,0.72,INSIDE,3.58,2.57
HD,Q3,11/13/2012,61.16,62.35,1.95,1.19,1.19,0.61,INSIDE,3.18,1.95
HD,Q2,8/14/2012,52.82,54.15,1.85,1.33,1.33,0.72,INSIDE,3.50,2.52
HD,Q1,5/15/2012,49.88,47.90,1.59,-1.98,1.98,1.25,OUTSIDE,3.18,-3.97
HD,Q4,2/21/2012,46.71,48.06,1.37,1.35,1.35,0.99,INSIDE,2.92,2.89
HD,Q3,11/15/2011,38.25,38.58,1.55,0.33,0.33,0.21,INSIDE,4.05,0.86
HD,Q2,8/16/2011,31.46,33.03,1.16,1.57,1.57,1.36,OUTSIDE,3.68,4.99
HD,Q1,5/17/2011,36.98,37.35,1.15,0.37,0.37,0.32,INSIDE,3.11,1.00
HD,Q4,2/22/2011,38.48,39.30,1.82,0.82,0.82,0.45,INSIDE,4.73,2.13
HD,Q3,11/16/2010,31.39,31.70,1.13,0.31,0.31,0.27,INSIDE,3.61,0.99
HD,Q2,8/17/2010,27.38,28.03,1.13,0.65,0.65,0.57,INSIDE,4.13,2.37
HD,Q1,5/18/2010,35.59,35.81,1.17,0.22,0.22,0.19,INSIDE,3.29,0.62
HD,Q4,2/23/2010,30.32,30.56,0.98,0.24,0.24,0.24,INSIDE,3.24,0.79
HD,Q3,11/17/2009,27.65,27.10,1.19,-0.55,0.55,0.46,INSIDE,4.31,-1.99
HD,Q2,8/18/2009,26.11,26.95,1.41,0.84,0.84,0.60,INSIDE,5.40,3.22
HD,Q1,5/19/2009,24.63,24.85,1.49,0.22,0.22,0.15,INSIDE,6.07,0.89
HD,Q4,2/24/2009,18.71,19.65,2.13,0.94,0.94,0.44,INSIDE,11.37,5.02
HD,Q3,11/18/2008,20.00,20.66,1.66,0.66,0.66,0.40,INSIDE,8.29,3.30
HD,Q2,8/19/2008,26.96,26.98,1.53,0.02,0.02,0.01,INSIDE,5.69,0.07
HD,Q1,5/20/2008,28.87,28.04,1.69,-0.83,0.83,0.49,INSIDE,5.85,-2.87
HD,Q4,2/25/2008,27.77,28.22,1.29,0.45,0.45,0.35,INSIDE,4.64,1.62
HD,Q3,11/12/2007,28.05,28.05,1.53,0.00,0.00,0.00,INSIDE,5.45,0.00
IBM,Q2,7/18/2017,154.00,150.02,6.50,-3.98,3.98,0.61,INSIDE,4.22,-2.58
IBM,Q1,4/19/2017,170.05,162.64,5.26,-7.41,7.41,1.41,OUTSIDE,3.09,-4.36
IBM,Q4,1/19/2017,166.81,167.81,5.53,1.00,1.00,0.18,INSIDE,3.32,0.60
IBM,Q3,10/17/2016,154.77,150.02,5.63,-4.75,4.75,0.84,INSIDE,3.64,-3.07
IBM,Q2,7/18/2016,159.86,161.78,7.60,1.92,1.92,0.25,INSIDE,4.75,1.20
IBM,Q1,4/18/2016,152.53,146.47,6.22,-6.06,6.06,0.97,INSIDE,4.08,-3.97
IBM,Q4,1/19/2016,128.11,118.46,5.86,-9.65,9.65,1.65,OUTSIDE,4.57,-7.53
IBM,Q3,10/19/2015,149.22,142.49,6.76,-6.73,6.73,1.00,INSIDE,4.53,-4.51
IBM,Q2,7/20/2015,173.22,164.34,7.76,-8.88,8.88,1.14,OUTSIDE,4.48,-5.13
IBM,Q1,4/20/2015,166.16,166.07,5.68,-0.09,0.09,0.02,INSIDE,3.42,-0.05
IBM,Q4,1/20/2015,156.95,153.03,6.24,-3.92,3.92,0.63,INSIDE,3.97,-2.50
IBM,Q3,10/17/2014,182.05,166.85,6.40,-15.20,15.20,2.38,OUTSIDE,3.52,-8.35
IBM,Q2,7/17/2014,192.49,191.96,6.53,-0.53,0.53,0.08,INSIDE,3.39,-0.28
IBM,Q1,4/16/2014,196.40,187.25,7.07,-9.15,9.15,1.30,OUTSIDE,3.60,-4.66
IBM,Q4,1/21/2014,188.43,181.28,8.43,-7.15,7.15,0.85,INSIDE,4.47,-3.79
IBM,Q3,10/16/2013,186.73,173.84,6.38,-12.89,12.89,2.02,OUTSIDE,3.42,-6.90
IBM,Q2,7/17/2013,194.55,198.27,8.04,3.72,3.72,0.46,INSIDE,4.13,1.91
IBM,Q1,4/18/2013,207.15,195.74,7.84,-11.41,11.41,1.46,OUTSIDE,3.78,-5.51
IBM,Q4,1/22/2013,196.08,203.50,6.65,7.42,7.42,1.12,OUTSIDE,3.39,3.78
IBM,Q3,10/16/2012,211.00,201.21,5.70,-9.79,9.79,1.72,OUTSIDE,2.70,-4.64
IBM,Q2,7/18/2012,188.25,193.40,6.41,5.15,5.15,0.80,INSIDE,3.40,2.74
IBM,Q1,4/17/2012,207.45,202.43,5.27,-5.02,5.02,0.95,INSIDE,2.54,-2.42
IBM,Q4,1/19/2012,180.52,185.77,6.06,5.25,5.25,0.87,INSIDE,3.36,2.91
IBM,Q3,10/17/2011,186.59,178.00,6.87,-8.59,8.59,1.25,OUTSIDE,3.68,-4.60
IBM,Q2,7/18/2011,175.28,178.74,6.65,3.46,3.46,0.52,INSIDE,3.80,1.97
IBM,Q1,4/19/2011,165.40,163.10,5.07,-2.30,2.30,0.45,INSIDE,3.07,-1.39
IBM,Q4,1/18/2011,150.65,153.26,4.46,2.61,2.61,0.59,INSIDE,2.96,1.73
IBM,Q3,10/18/2010,142.83,137.30,5.24,-5.53,5.53,1.06,OUTSIDE,3.67,-3.87
IBM,Q2,7/19/2010,129.79,122.97,6.17,-6.82,6.82,1.10,OUTSIDE,4.76,-5.25
IBM,Q1,4/19/2010,132.23,129.20,3.87,-3.03,3.03,0.78,INSIDE,2.93,-2.29
IBM,Q4,1/19/2010,134.14,130.46,3.49,-3.68,3.68,1.06,OUTSIDE,2.60,-2.74
IBM,Q3,10/15/2009,127.98,123.15,4.63,-4.83,4.83,1.04,OUTSIDE,3.61,-3.77
IBM,Q2,7/16/2009,110.64,113.41,3.94,2.77,2.77,0.70,INSIDE,3.56,2.50
IBM,Q1,4/20/2009,100.43,98.41,4.66,-2.02,2.02,0.43,INSIDE,4.64,-2.01
IBM,Q4,1/20/2009,81.98,86.29,3.35,4.31,4.31,1.29,OUTSIDE,4.08,5.26
IBM,Q3,10/8/2008,90.55,95.29,9.60,4.74,4.74,0.49,INSIDE,10.60,5.23
IBM,Q2,7/17/2008,126.52,125.81,9.78,-0.71,0.71,0.07,INSIDE,7.73,-0.56
IBM,Q1,4/16/2008,120.47,122.39,5.26,1.92,1.92,0.37,INSIDE,4.37,1.59
IBM,Q4,1/16/2008,101.63,102.00,3.00,0.37,0.37,0.12,INSIDE,2.95,0.36
LULU,Q2,8/31/2017,57.55,61.22,6.00,3.67,3.67,0.61,INSIDE,10.43,6.38
LULU,Q1,6/1/2017,48.67,56.41,4.91,7.74,7.74,1.58,OUTSIDE,10.08,15.90
LULU,Q4,3/29/2017,66.30,51.99,4.13,-14.31,14.31,3.47,OUTSIDE,6.22,-21.58
LULU,Q3,12/7/2016,59.84,70.51,5.13,10.67,10.67,2.08,OUTSIDE,8.57,17.83
LULU,Q2,9/1/2016,76.66,70.58,5.66,-6.08,6.08,1.08,OUTSIDE,7.38,-7.93
LULU,Q1,6/8/2016,68.14,69.04,5.44,0.90,0.90,0.17,INSIDE,7.98,1.32
LULU,Q4,3/30/2016,61.24,65.50,4.62,4.26,4.26,0.92,INSIDE,7.54,6.96
LULU,Q3,12/9/2015,52.16,46.94,4.32,-5.22,5.22,1.21,OUTSIDE,8.28,-10.01
LULU,Q2,9/10/2015,64.05,60.07,4.90,-3.98,3.98,0.81,INSIDE,7.65,-6.21
LULU,Q1,6/9/2015,61.52,65.71,4.88,4.19,4.19,0.86,INSIDE,7.93,6.81
LULU,Q4,3/26/2015,60.96,62.54,4.54,1.58,1.58,0.35,INSIDE,7.44,2.59
LULU,Q3,12/11/2014,46.70,49.89,4.12,3.19,3.19,0.77,INSIDE,8.82,6.83
LULU,Q2,9/11/2014,38.39,43.70,2.90,5.31,5.31,1.83,OUTSIDE,7.54,13.83
LULU,Q1,6/12/2014,44.30,37.23,3.56,-7.07,7.07,1.99,OUTSIDE,8.04,-15.96
LULU,Q4,3/27/2014,48.23,50.03,4.58,1.80,1.80,0.39,INSIDE,9.49,3.73
LULU,Q3,12/12/2013,68.35,63.15,4.40,-5.20,5.20,1.18,OUTSIDE,6.44,-7.61
LULU,Q2,9/12/2013,69.02,63.79,6.09,-5.23,5.23,0.86,INSIDE,8.82,-7.58
LULU,Q1,6/11/2013,82.28,70.00,5.07,-12.28,12.28,2.42,OUTSIDE,6.16,-14.92
LULU,Q4,3/21/2013,63.88,64.90,3.91,1.02,1.02,0.26,INSIDE,6.11,1.60
LULU,Q3,12/6/2012,68.59,70.76,5.95,2.17,2.17,0.36,INSIDE,8.68,3.16
LULU,Q2,9/7/2012,68.60,68.02,6.19,-0.58,0.58,0.09,INSIDE,9.02,-0.85
LULU,Q1,6/7/2012,70.02,64.85,5.94,-5.17,5.17,0.87,INSIDE,8.49,-7.38
LULU,Q4,3/22/2012,74.07,71.76,4.79,-2.31,2.31,0.48,INSIDE,6.47,-3.12
LULU,Q3,12/1/2011,49.70,41.94,4.41,-7.76,7.76,1.76,OUTSIDE,8.86,-15.61
LULU,Q2,9/9/2011,57.69,55.29,5.30,-2.40,2.40,0.45,INSIDE,9.18,-4.16
LULU,Q1,6/10/2011,86.14,92.20,6.19,6.06,6.06,0.98,INSIDE,7.18,7.04
LULU,Q4,3/17/2011,79.35,77.31,6.88,-2.04,2.04,0.30,INSIDE,8.67,-2.57
LULU,Q3,12/9/2010,55.68,61.85,4.40,6.17,6.17,1.40,OUTSIDE,7.90,11.08
LULU,Q2,9/10/2010,35.85,39.91,2.21,4.06,4.06,1.84,OUTSIDE,6.17,11.32
LULU,Q1,6/10/2010,39.10,40.23,3.44,1.13,1.13,0.33,INSIDE,8.80,2.89
LULU,Q4,3/25/2010,36.05,39.95,2.59,3.90,3.90,1.51,OUTSIDE,7.19,10.82
LULU,Q3,12/9/2009,27.67,28.14,2.86,0.47,0.47,0.16,INSIDE,10.35,1.70
MCD,Q2,7/24/2017,151.85,157.75,4.96,5.90,5.90,1.19,OUTSIDE,3.27,3.89
MCD,Q1,4/25/2017,134.23,138.14,3.11,3.91,3.91,1.26,OUTSIDE,2.31,2.91
MCD,Q4,1/23/2017,122.26,121.69,2.75,-0.57,0.57,0.21,INSIDE,2.25,-0.47
MCD,Q3,10/21/2016,110.57,113.27,3.26,2.70,2.70,0.83,INSIDE,2.94,2.44
MCD,Q2,7/26/2016,127.40,123.50,3.15,-3.90,3.90,1.24,OUTSIDE,2.48,-3.06
MCD,Q1,4/22/2016,125.79,128.17,3.34,2.38,2.38,0.71,INSIDE,2.66,1.89
MCD,Q4,1/25/2016,118.40,121.85,3.96,3.45,3.45,0.87,INSIDE,3.34,2.91
MCD,Q3,10/22/2015,102.54,104.05,3.26,1.51,1.51,0.46,INSIDE,3.17,1.47
MCD,Q2,7/23/2015,97.58,98.90,2.55,1.32,1.32,0.52,INSIDE,2.62,1.35
MCD,Q1,4/22/2015,94.87,97.00,2.36,2.13,2.13,0.90,INSIDE,2.49,2.25
MCD,Q4,1/23/2015,90.89,90.92,1.87,0.03,0.03,0.02,INSIDE,2.06,0.03
MCD,Q3,10/21/2014,91.59,89.95,1.70,-1.64,1.64,0.97,INSIDE,1.85,-1.79
MCD,Q2,7/22/2014,97.55,95.39,1.76,-2.16,2.16,1.23,OUTSIDE,1.81,-2.21
MCD,Q1,4/22/2014,99.67,100.02,1.93,0.35,0.35,0.18,INSIDE,1.93,0.35
MCD,Q4,1/23/2014,94.88,94.55,2.06,-0.33,0.33,0.16,INSIDE,2.17,-0.35
MCD,Q3,10/21/2013,95.20,93.70,2.10,-1.50,1.50,0.71,INSIDE,2.20,-1.58
MCD,Q2,7/22/2013,100.27,97.75,1.87,-2.52,2.52,1.35,OUTSIDE,1.86,-2.51
MCD,Q1,4/19/2013,102.54,100.58,2.21,-1.96,1.96,0.89,INSIDE,2.16,-1.91
MCD,Q4,1/23/2013,92.95,93.45,1.96,0.50,0.50,0.25,INSIDE,2.11,0.54
MCD,Q3,10/19/2012,92.86,90.07,2.08,-2.79,2.79,1.34,OUTSIDE,2.24,-3.00
MCD,Q2,7/23/2012,91.58,89.22,2.07,-2.36,2.36,1.14,OUTSIDE,2.25,-2.58
MCD,Q1,4/20/2012,95.28,96.91,2.24,1.63,1.63,0.73,INSIDE,2.35,1.71
MCD,Q4,1/24/2012,100.95,101.02,2.50,0.07,0.07,0.03,INSIDE,2.48,0.07
MCD,Q3,10/21/2011,89.01,91.22,1.58,2.21,2.21,1.40,OUTSIDE,1.77,2.48
MCD,Q2,7/22/2011,86.54,88.50,2.59,1.96,1.96,0.76,INSIDE,2.99,2.26
MCD,Q1,4/21/2011,78.40,77.40,2.36,-1.00,1.00,0.42,INSIDE,3.01,-1.28
MCD,Q4,1/24/2011,75.16,74.25,2.54,-0.91,0.91,0.36,INSIDE,3.38,-1.21
MCD,Q3,10/21/2010,77.41,78.44,2.94,1.03,1.03,0.35,INSIDE,3.80,1.33
MCD,Q2,7/23/2010,71.40,70.76,2.47,-0.64,0.64,0.26,INSIDE,3.45,-0.90
MCD,Q1,4/21/2010,70.34,70.62,2.25,0.28,0.28,0.12,INSIDE,3.20,0.40
MCD,Q4,1/22/2010,63.20,63.23,1.19,0.03,0.03,0.03,INSIDE,1.88,0.05
MCD,Q3,10/22/2009,58.33,59.87,1.08,1.54,1.54,1.42,OUTSIDE,1.85,2.64
MCD,Q2,7/23/2009,58.82,56.99,0.49,-1.83,1.83,3.72,OUTSIDE,0.84,-3.11
MCD,Q1,4/22/2009,55.63,55.78,0.96,0.15,0.15,0.16,INSIDE,1.72,0.27
MCD,Q4,1/26/2009,58.02,57.23,1.51,-0.79,0.79,0.52,INSIDE,2.60,-1.36
MCD,Q3,10/22/2008,55.13,55.16,4.45,0.03,0.03,0.01,INSIDE,8.08,0.05
MCD,Q2,7/23/2008,60.12,61.20,1.33,1.08,1.08,0.81,INSIDE,2.21,1.80
NFLX,Q2,7/17/2017,161.70,176.12,11.37,14.42,14.42,1.27,OUTSIDE,7.03,8.92
NFLX,Q1,4/17/2017,147.25,147.34,4.33,0.09,0.09,0.02,INSIDE,2.94,0.06
NFLX,Q4,1/18/2017,133.26,142.01,11.50,8.75,8.75,0.76,INSIDE,8.63,6.57
NFLX,Q3,10/17/2016,99.80,116.63,10.90,16.83,16.83,1.54,OUTSIDE,10.92,16.86
NFLX,Q2,7/18/2016,98.81,85.43,8.73,-13.38,13.38,1.53,OUTSIDE,8.84,-13.54
NFLX,Q1,4/18/2016,108.40,99.49,10.59,-8.91,8.91,0.84,INSIDE,9.77,-8.22
NFLX,Q4,1/19/2016,107.89,108.91,13.00,1.02,1.02,0.08,INSIDE,12.05,0.95
NFLX,Q3,10/14/2015,110.23,103.77,13.07,-6.46,6.46,0.49,INSIDE,11.85,-5.86
NFLX,Q2,7/15/2015,98.13,111.02,8.78,12.89,12.89,1.47,OUTSIDE,8.94,13.14
NFLX,Q1,4/15/2015,475.46,532.00,43.01,56.54,56.54,1.31,OUTSIDE,9.05,11.89
NFLX,Q4,1/20/2015,348.80,414.64,38.12,65.84,65.84,1.73,OUTSIDE,10.93,18.88
NFLX,Q3,10/15/2014,448.59,332.73,27.97,-115.86,115.86,4.14,OUTSIDE,6.24,-25.83
NFLX,Q2,7/21/2014,451.95,442.98,30.31,-8.97,8.97,0.30,INSIDE,6.71,-1.98
NFLX,Q1,4/21/2014,348.49,376.79,34.37,28.30,28.30,0.82,INSIDE,9.86,8.12
NFLX,Q4,1/22/2014,333.73,387.40,31.05,53.67,53.67,1.73,OUTSIDE,9.31,16.08
NFLX,Q3,10/21/2013,354.99,387.84,40.49,32.85,32.85,0.81,INSIDE,11.41,9.25
NFLX,Q2,7/22/2013,261.96,251.40,31.94,-10.56,10.56,0.33,INSIDE,12.19,-4.03
NFLX,Q1,4/22/2013,174.37,215.57,24.96,41.20,41.20,1.65,OUTSIDE,14.32,23.63
NFLX,Q4,1/23/2013,103.26,143.99,12.86,40.73,40.73,3.17,OUTSIDE,12.46,39.44
NFLX,Q3,10/23/2012,68.22,57.85,9.01,-10.37,10.37,1.15,OUTSIDE,13.20,-15.20
NFLX,Q2,7/24/2012,80.39,64.21,12.07,-16.18,16.18,1.34,OUTSIDE,15.01,-20.13
NFLX,Q1,4/23/2012,101.84,86.52,14.05,-15.32,15.32,1.09,OUTSIDE,13.80,-15.04
NFLX,Q4,1/25/2012,95.04,113.90,14.06,18.86,18.86,1.34,OUTSIDE,14.80,19.84
NFLX,Q3,10/24/2011,118.84,74.90,16.30,-43.94,43.94,2.70,OUTSIDE,13.71,-36.97
NFLX,Q2,7/25/2011,281.53,255.60,23.16,-25.93,25.93,1.12,OUTSIDE,8.23,-9.21
NFLX,Q1,4/25/2011,251.67,237.11,21.52,-14.56,14.56,0.68,INSIDE,8.55,-5.79
NFLX,Q4,1/26/2011,183.03,207.15,16.88,24.12,24.12,1.43,OUTSIDE,9.22,13.18
NFLX,Q3,10/20/2010,153.15,169.54,15.17,16.39,16.39,1.08,OUTSIDE,9.90,10.70
NFLX,Q2,7/21/2010,119.65,109.50,8.80,-10.15,10.15,1.15,OUTSIDE,7.36,-8.48
NFLX,Q1,4/21/2010,86.98,91.00,6.96,4.02,4.02,0.58,INSIDE,8.00,4.62
NFLX,Q4,1/27/2010,50.97,61.69,4.43,10.72,10.72,2.42,OUTSIDE,8.69,21.03
NFLX,Q3,10/22/2009,49.63,49.82,3.67,0.18,0.18,0.05,INSIDE,7.40,0.37
NKE,Q1,6/29/2017,53.17,56.60,2.71,3.43,3.43,1.27,OUTSIDE,5.10,6.45
NKE,Q1,3/21/2017,58.01,54.76,2.22,-3.25,3.25,1.47,OUTSIDE,3.82,-5.60
NKE,Q4,12/20/2016,51.79,52.90,2.03,1.11,1.11,0.55,INSIDE,3.93,2.14
NKE,Q3,9/27/2016,55.34,54.60,2.62,-0.74,0.74,0.28,INSIDE,4.73,-1.34
NKE,Q2,6/28/2016,53.09,54.50,2.47,1.41,1.41,0.57,INSIDE,4.65,2.66
NKE,Q1,3/22/2016,64.90,61.33,3.29,-3.57,3.57,1.09,OUTSIDE,5.06,-5.50
NKE,Q4,12/22/2015,131.85,136.34,5.68,4.49,4.49,0.79,INSIDE,4.30,3.41
NKE,Q3,9/24/2015,114.79,123.10,4.76,8.31,8.31,1.74,OUTSIDE,4.15,7.24
NKE,Q2,6/24/2015,106.22,106.81,3.54,0.59,0.59,0.17,INSIDE,3.33,0.56
NKE,Q1,3/19/2015,98.32,102.83,3.61,4.51,4.51,1.25,OUTSIDE,3.67,4.59
NKE,Q4,12/18/2014,97.08,95.50,4.40,-1.58,1.58,0.36,INSIDE,4.54,-1.63
NKE,Q3,9/25/2014,79.75,87.98,2.73,8.23,8.23,3.02,OUTSIDE,3.42,10.32
NKE,Q2,6/26/2014,76.86,78.53,3.44,1.67,1.67,0.49,INSIDE,4.47,2.17
NKE,Q1,3/20/2014,79.27,77.10,3.18,-2.17,2.17,0.68,INSIDE,4.01,-2.74
NKE,Q4,12/19/2013,78.26,77.44,3.39,-0.82,0.82,0.24,INSIDE,4.34,-1.05
NKE,Q3,9/26/2013,70.34,74.82,3.29,4.48,4.48,1.36,OUTSIDE,4.68,6.37
NKE,Q2,6/27/2013,62.32,61.94,3.29,-0.38,0.38,0.12,INSIDE,5.28,-0.61
NKE,Q1,3/21/2013,53.60,57.99,2.53,4.39,4.39,1.74,OUTSIDE,4.71,8.19
NKE,Q4,12/20/2012,99.00,102.57,3.90,3.57,3.57,0.92,INSIDE,3.93,3.61
NKE,Q3,9/27/2012,96.00,93.06,4.93,-2.94,2.94,0.60,INSIDE,5.14,-3.06
NKE,Q2,6/28/2012,96.89,87.84,5.43,-9.05,9.05,1.67,OUTSIDE,5.60,-9.34
NKE,Q1,3/22/2012,110.99,111.21,5.14,0.22,0.22,0.04,INSIDE,4.63,0.20
NKE,Q4,12/20/2011,93.63,95.83,4.43,2.20,2.20,0.50,INSIDE,4.73,2.35
NKE,Q3,9/22/2011,84.18,87.78,3.96,3.60,3.60,0.91,INSIDE,4.71,4.28
NKE,Q2,6/27/2011,81.62,85.27,4.81,3.65,3.65,0.76,INSIDE,5.89,4.47
NKE,Q1,3/17/2011,85.41,77.99,3.65,-7.42,7.42,2.03,OUTSIDE,4.27,-8.69
NKE,Q4,12/21/2010,92.30,87.00,4.91,-5.30,5.30,1.08,OUTSIDE,5.32,-5.74
NKE,Q3,9/23/2010,77.67,81.35,3.59,3.68,3.68,1.02,OUTSIDE,4.62,4.74
NKE,Q2,6/23/2010,72.52,70.01,4.82,-2.51,2.51,0.52,INSIDE,6.65,-3.46
NKE,Q1,3/17/2010,70.88,73.35,2.78,2.47,2.47,0.89,INSIDE,3.92,3.48
NKE,Q4,12/17/2009,63.25,64.40,3.29,1.15,1.15,0.35,INSIDE,5.20,1.82
NKE,Q3,9/29/2009,60.09,64.01,3.47,3.92,3.92,1.13,OUTSIDE,5.77,6.52
NKE,Q2,6/24/2009,53.02,50.65,3.29,-2.37,2.37,0.72,INSIDE,6.21,-4.47
NKE,Q1,3/18/2009,45.92,43.78,3.29,-2.14,2.14,0.65,INSIDE,7.16,-4.66
NKE,Q4,12/17/2008,50.64,50.69,3.40,0.05,0.05,0.01,INSIDE,6.71,0.10
NKE,Q3,9/24/2008,59.27,62.42,4.89,3.15,3.15,0.64,INSIDE,8.25,5.31
NKE,Q2,6/25/2008,65.97,60.85,3.35,-5.12,5.12,1.53,OUTSIDE,5.08,-7.76
NKE,Q1,3/19/2008,61.83,64.71,3.43,2.88,2.88,0.84,INSIDE,5.54,4.66
NKE,Q4,12/19/2007,63.80,65.81,2.88,2.01,2.01,0.70,INSIDE,4.51,3.15
NKE,Q3,9/20/2007,58.32,60.22,3.27,1.90,1.90,0.58,INSIDE,5.61,3.26
NKE,Q2,6/26/2007,53.82,56.75,2.60,2.93,2.93,1.13,OUTSIDE,4.83,5.44
NKE,Q1,3/22/2007,108.60,107.01,4.68,-1.59,1.59,0.34,INSIDE,4.31,-1.46
NKE,Q4,12/20/2006,99.78,99.20,4.72,-0.58,0.58,0.12,INSIDE,4.73,-0.58
NKE,Q3,9/21/2006,82.46,86.15,4.21,3.69,3.69,0.88,INSIDE,5.11,4.47
NKE,Q2,6/27/2006,83.63,81.50,3.23,-2.13,2.13,0.66,INSIDE,3.86,-2.55
NKE,Q1,3/21/2006,84.95,84.90,3.96,-0.05,0.05,0.01,INSIDE,4.66,-0.06
NKE,Q4,12/20/2005,88.48,84.88,4.72,-3.60,3.60,0.76,INSIDE,5.33,-4.07
NKE,Q3,9/19/2005,78.46,83.61,5.05,5.15,5.15,1.02,OUTSIDE,6.44,6.56
NKE,Q2,6/27/2005,89.35,85.50,3.96,-3.85,3.85,0.97,INSIDE,4.43,-4.31
NKE,Q1,3/17/2005,86.83,86.50,3.20,-0.33,0.33,0.10,INSIDE,3.69,-0.38
NKE,Q4,12/16/2004,85.90,89.00,2.18,3.10,3.10,1.42,OUTSIDE,2.54,3.61
NKE,Q3,9/20/2004,76.56,77.90,3.79,1.34,1.34,0.35,INSIDE,4.95,1.75
NKE,Q2,6/24/2004,72.40,75.25,3.40,2.85,2.85,0.84,INSIDE,4.70,3.94
NKE,Q1,3/18/2004,76.82,76.65,2.21,-0.17,0.17,0.08,INSIDE,2.88,-0.22
NKE,Q4,12/18/2003,66.80,66.50,2.63,-0.30,0.30,0.11,INSIDE,3.94,-0.45
NKE,Q3,9/18/2003,57.25,60.50,2.71,3.25,3.25,1.20,OUTSIDE,4.73,5.68
NKE,Q2,6/26/2003,56.93,54.15,3.75,-2.78,2.78,0.74,INSIDE,6.59,-4.88
NKE,Q1,3/19/2003,50.08,50.24,2.16,0.16,0.16,0.07,INSIDE,4.31,0.32
NTES,Q2,8/9/2017,315.05,298.98,15.98,-16.07,16.07,1.01,OUTSIDE,5.07,-5.10
NTES,Q1,5/10/2017,279.05,287.88,15.57,8.83,8.83,0.57,INSIDE,5.58,3.16
NTES,Q4,2/16/2017,261.83,283.39,11.39,21.56,21.56,1.89,OUTSIDE,4.35,8.23
NTES,Q3,11/9/2016,251.86,239.76,12.15,-12.10,12.10,1.00,INSIDE,4.82,-4.80
NTES,Q2,8/17/2016,213.33,217.00,9.95,3.67,3.67,0.37,INSIDE,4.66,1.72
NTES,Q1,5/11/2016,145.17,149.16,8.82,3.99,3.99,0.45,INSIDE,6.08,2.75
NTES,Q4,2/24/2016,159.90,146.89,6.87,-13.01,13.01,1.89,OUTSIDE,4.30,-8.14
NTES,Q3,11/11/2015,150.07,158.00,7.34,7.93,7.93,1.08,OUTSIDE,4.89,5.28
NTES,Q2,8/12/2015,141.20,138.25,8.91,-2.95,2.95,0.33,INSIDE,6.31,-2.09
NTES,Q1,5/13/2015,130.00,136.64,5.51,6.64,6.64,1.21,OUTSIDE,4.24,5.11
NTES,Q4,2/9/2015,106.94,110.42,5.74,3.48,3.48,0.61,INSIDE,5.37,3.25
NTES,Q3,11/12/2014,94.93,94.69,4.34,-0.24,0.24,0.06,INSIDE,4.57,-0.25
NTES,Q2,8/13/2014,84.06,85.40,3.55,1.34,1.34,0.38,INSIDE,4.23,1.59
NTES,Q1,5/14/2014,71.04,71.49,3.30,0.45,0.45,0.14,INSIDE,4.64,0.63
NTES,Q4,2/12/2014,71.55,72.76,4.06,1.21,1.21,0.30,INSIDE,5.67,1.69
NTES,Q3,11/13/2013,69.41,63.02,4.28,-6.39,6.39,1.49,OUTSIDE,6.17,-9.21
NTES,Q2,8/14/2013,61.45,63.25,3.99,1.80,1.80,0.45,INSIDE,6.50,2.93
NTES,Q1,5/15/2013,60.42,61.00,4.04,0.58,0.58,0.14,INSIDE,6.68,0.96
NTES,Q4,2/6/2013,45.63,49.31,2.86,3.68,3.68,1.29,OUTSIDE,6.26,8.06
NTES,Q3,11/14/2012,50.30,48.81,3.80,-1.49,1.49,0.39,INSIDE,7.55,-2.96
NTES,Q2,8/15/2012,58.18,53.00,3.77,-5.18,5.18,1.37,OUTSIDE,6.48,-8.90
NTES,Q1,5/16/2012,57.69,62.00,4.07,4.31,4.31,1.06,OUTSIDE,7.06,7.47
NTES,Q4,2/15/2012,50.69,48.12,3.48,-2.57,2.57,0.74,INSIDE,6.87,-5.07
NTES,Q3,11/16/2011,45.70,47.61,3.03,1.91,1.91,0.63,INSIDE,6.62,4.18
NTES,Q2,8/17/2011,49.30,46.23,2.66,-3.07,3.07,1.16,OUTSIDE,5.39,-6.23
NTES,Q1,5/18/2011,45.94,45.83,2.56,-0.11,0.11,0.04,INSIDE,5.57,-0.24
NTES,Q4,2/23/2011,42.90,48.50,4.09,5.60,5.60,1.37,OUTSIDE,9.53,13.05
NTES,Q3,11/17/2010,40.92,42.85,2.41,1.93,1.93,0.80,INSIDE,5.89,4.72
NTES,Q2,8/18/2010,36.50,39.46,1.81,2.96,2.96,1.64,OUTSIDE,4.96,8.11
NTES,Q1,5/19/2010,31.11,26.75,1.84,-4.36,4.36,2.37,OUTSIDE,5.92,-14.01
NTES,Q4,2/24/2010,38.24,37.99,3.21,-0.25,0.25,0.08,INSIDE,8.39,-0.65
NTES,Q3,11/18/2009,40.69,37.06,2.89,-3.63,3.63,1.25,OUTSIDE,7.11,-8.92
NTES,Q2,8/12/2009,46.65,41.80,3.20,-4.85,4.85,1.51,OUTSIDE,6.87,-10.40
NTES,Q1,5/20/2009,30.58,29.24,2.53,-1.34,1.34,0.53,INSIDE,8.27,-4.38
NTES,Q4,2/25/2009,76.87,77.82,6.05,0.95,0.95,0.16,INSIDE,7.87,1.23
NTES,Q3,11/12/2008,85.82,86.13,3.21,0.31,0.31,0.10,INSIDE,3.74,0.36
NTES,Q2,8/13/2008,128.57,127.84,1.05,-0.73,0.73,0.69,INSIDE,0.82,-0.57
NTES,Q1,5/21/2008,139.49,139.35,4.92,-0.14,0.14,0.03,INSIDE,3.53,-0.10
NTES,Q4,2/20/2008,135.92,136.66,6.46,0.74,0.74,0.11,INSIDE,4.75,0.54
NTES,Q3,11/7/2007,147.91,147.99,4.30,0.08,0.08,0.02,INSIDE,2.91,0.05
NTES,Q2,8/13/2007,145.23,145.70,3.06,0.47,0.47,0.15,INSIDE,2.11,0.32
NTES,Q1,5/21/2007,152.54,152.70,3.27,0.16,0.16,0.05,INSIDE,2.15,0.10
NTES,Q4,2/26/2007,145.17,143.88,2.47,-1.29,1.29,0.52,INSIDE,1.70,-0.89
NTES,Q3,11/6/2006,138.08,138.20,1.70,0.12,0.12,0.07,INSIDE,1.23,0.09
NTES,Q2,8/14/2006,127.11,128.21,1.36,1.10,1.10,0.81,INSIDE,1.07,0.87
NTES,Q1,5/16/2006,129.31,128.67,1.28,-0.64,0.64,0.50,INSIDE,0.99,-0.49
NTES,Q4,2/23/2006,129.08,129.11,2.42,0.03,0.03,0.01,INSIDE,1.88,0.02
NTES,Q3,11/7/2005,122.23,121.95,2.15,-0.28,0.28,0.13,INSIDE,1.76,-0.23
NTES,Q2,8/2/2005,124.39,124.25,2.00,-0.14,0.14,0.07,INSIDE,1.61,-0.11
NTES,Q1,4/26/2005,115.20,114.86,2.81,-0.34,0.34,0.12,INSIDE,2.43,-0.30
NTES,Q4,2/22/2005,118.60,118.97,2.59,0.37,0.37,0.14,INSIDE,2.19,0.31
NVDA,Q2,8/10/2017,164.74,157.14,13.32,-7.60,7.60,0.57,INSIDE,8.09,-4.61
NVDA,Q1,5/9/2017,102.94,121.29,7.76,18.35,18.35,2.36,OUTSIDE,7.54,17.83
NVDA,Q4,2/9/2017,116.38,119.93,9.46,3.55,3.55,0.38,INSIDE,8.13,3.05
NVDA,Q3,11/10/2016,67.77,79.51,4.70,11.74,11.74,2.50,OUTSIDE,6.93,17.32
NVDA,Q2,8/11/2016,59.70,61.90,4.06,2.20,2.20,0.54,INSIDE,6.79,3.69
NVDA,Q1,5/12/2016,35.57,39.19,2.80,3.62,3.62,1.29,OUTSIDE,7.87,10.18
NVDA,Q4,2/17/2016,27.66,29.93,2.51,2.27,2.27,0.90,INSIDE,9.07,8.21
NVDA,Q3,11/5/2015,27.71,30.45,2.38,2.74,2.74,1.15,OUTSIDE,8.60,9.89
NVDA,Q2,8/6/2015,20.45,22.46,1.50,2.01,2.01,1.34,OUTSIDE,7.33,9.83
NVDA,Q1,5/7/2015,22.49,21.01,1.34,-1.48,1.48,1.10,OUTSIDE,5.96,-6.58
NVDA,Q4,2/11/2015,20.81,22.00,1.20,1.19,1.19,0.99,INSIDE,5.77,5.72
NVDA,Q3,11/6/2014,20.22,20.45,1.44,0.23,0.23,0.16,INSIDE,7.10,1.14
NVDA,Q2,8/7/2014,17.46,18.22,1.08,0.76,0.76,0.70,INSIDE,6.18,4.35
NVDA,Q1,5/6/2014,18.63,18.81,0.97,0.18,0.18,0.19,INSIDE,5.20,0.97
NVDA,Q4,2/12/2014,16.83,17.25,0.89,0.42,0.42,0.47,INSIDE,5.28,2.50
NVDA,Q3,11/7/2013,14.55,15.00,0.72,0.46,0.46,0.63,INSIDE,4.93,3.13
NVDA,Q2,8/8/2013,14.70,14.12,0.75,-0.58,0.58,0.78,INSIDE,5.07,-3.94
NVDA,Q1,5/9/2013,13.91,14.20,0.71,0.29,0.29,0.41,INSIDE,5.07,2.08
NVDA,Q4,2/13/2013,12.37,12.20,0.68,-0.17,0.17,0.25,INSIDE,5.51,-1.37
NVDA,Q3,11/8/2012,12.68,12.75,0.96,0.07,0.07,0.07,INSIDE,7.57,0.55
NVDA,Q2,8/9/2012,14.71,15.10,1.30,0.39,0.39,0.30,INSIDE,8.81,2.65
NVDA,Q1,5/11/2012,12.42,13.45,0.99,1.03,1.03,1.04,OUTSIDE,8.00,8.29
NVDA,Q4,2/15/2012,16.17,15.06,1.11,-1.11,1.11,1.00,OUTSIDE,6.84,-6.86
NVDA,Q3,11/10/2011,14.47,14.88,1.26,0.41,0.41,0.33,INSIDE,8.68,2.83
NVDA,Q2,8/11/2011,13.41,12.34,1.39,-1.07,1.07,0.77,INSIDE,10.39,-7.98
NVDA,Q1,5/12/2011,20.50,19.20,1.53,-1.30,1.30,0.85,INSIDE,7.44,-6.34
NVDA,Q4,2/16/2011,23.38,22.72,2.18,-0.66,0.66,0.30,INSIDE,9.32,-2.82
NVDA,Q3,11/11/2010,12.61,13.09,1.01,0.48,0.48,0.47,INSIDE,8.02,3.80
NVDA,Q2,8/12/2010,8.96,9.25,0.75,0.29,0.29,0.39,INSIDE,8.32,3.23
NVDA,Q1,5/13/2010,14.65,13.66,1.05,-0.99,0.99,0.94,INSIDE,7.18,-6.76
NVDA,Q4,2/17/2010,17.84,16.86,1.15,-0.98,0.98,0.85,INSIDE,6.44,-5.49
NVDA,Q3,11/5/2009,12.27,13.04,0.93,0.77,0.77,0.83,INSIDE,7.58,6.28
NVDA,Q2,8/6/2009,13.12,13.83,1.16,0.71,0.71,0.61,INSIDE,8.87,5.41
NVDA,Q1,5/7/2009,10.73,10.50,1.19,-0.23,0.23,0.19,INSIDE,11.10,-2.14
NVDA,Q4,2/10/2009,9.32,8.58,1.40,-0.75,0.75,0.53,INSIDE,14.97,-7.99
NVDA,Q3,11/6/2008,7.62,8.68,1.18,1.06,1.06,0.90,INSIDE,15.47,13.91
NVDA,Q2,8/12/2008,11.07,11.95,1.59,0.88,0.88,0.55,INSIDE,14.34,7.95
NVDA,Q1,5/8/2008,21.95,22.01,2.01,0.06,0.06,0.03,INSIDE,9.17,0.27
NVDA,Q4,2/13/2008,27.02,26.23,2.04,-0.79,0.79,0.39,INSIDE,7.55,-2.92
NVDA,Q3,11/8/2007,33.84,34.55,3.44,0.71,0.71,0.21,INSIDE,10.17,2.11
NVDA,Q2,8/9/2007,46.13,42.35,4.76,-3.78,3.78,0.79,INSIDE,10.32,-8.19
NVDA,Q1,5/10/2007,32.82,34.59,1.91,1.77,1.77,0.93,INSIDE,5.83,5.39
NVDA,Q4,2/13/2007,34.00,34.30,1.96,0.30,0.30,0.15,INSIDE,5.75,0.88
NVDA,Q3,11/9/2006,35.29,34.99,2.75,-0.30,0.30,0.11,INSIDE,7.78,-0.85
NVDA,Q2,8/10/2006,24.16,22.40,1.86,-1.77,1.77,0.95,INSIDE,7.68,-7.31
NVDA,Q1,5/11/2006,28.47,27.79,2.30,-0.68,0.68,0.30,INSIDE,8.08,-2.41
NVDA,Q4,2/16/2006,47.20,50.67,2.85,3.47,3.47,1.22,OUTSIDE,6.03,7.35
NVDA,Q3,11/9/2005,34.78,35.99,3.10,1.21,1.21,0.39,INSIDE,8.92,3.48
NVDA,Q2,8/11/2005,28.25,29.91,2.17,1.66,1.66,0.77,INSIDE,7.67,5.88
NVDA,Q1,5/12/2005,22.79,24.85,3.11,2.06,2.06,0.66,INSIDE,13.64,9.04
NVDA,Q4,2/17/2005,25.51,27.47,2.00,1.96,1.96,0.98,INSIDE,7.83,7.68
NVDA,Q3,11/4/2004,15.41,17.72,1.87,2.31,2.31,1.24,OUTSIDE,12.13,14.99
NVDA,Q2,8/5/2004,14.56,10.11,1.91,-4.45,4.45,2.33,OUTSIDE,13.14,-30.56
NVDA,Q1,5/6/2004,21.91,22.55,2.08,0.64,0.64,0.31,INSIDE,9.50,2.92
NVDA,Q4,2/12/2004,23.52,22.95,2.34,-0.57,0.57,0.24,INSIDE,9.94,-2.42
NVDA,Q3,11/6/2003,18.17,21.66,2.21,3.49,3.49,1.58,OUTSIDE,12.16,19.21
NVDA,Q2,8/7/2003,19.30,16.55,1.74,-2.75,2.75,1.58,OUTSIDE,9.03,-14.25
NVDA,Q1,5/8/2003,16.06,18.83,1.82,2.77,2.77,1.52,OUTSIDE,11.35,17.25
NVDA,Q4,2/13/2003,9.87,11.22,1.51,1.35,1.35,0.89,INSIDE,15.32,13.68
PCLN,Q2,8/8/2017,2049.00,1910.51,81.72,-138.49,138.49,1.69,OUTSIDE,3.99,-6.76
PCLN,Q1,5/10/2017,1911.03,1853.78,71.47,-57.25,57.25,0.80,INSIDE,3.74,-3.00
PCLN,Q4,2/28/2017,1632.00,1703.89,61.39,71.89,71.89,1.17,OUTSIDE,3.76,4.41
PCLN,Q3,11/7/2016,1480.33,1540.00,69.49,59.67,59.67,0.86,INSIDE,4.69,4.03
PCLN,Q2,8/4/2016,1359.99,1435.00,63.47,75.01,75.01,1.18,OUTSIDE,4.67,5.52
PCLN,Q1,5/4/2016,1354.64,1253.88,77.00,-100.76,100.76,1.31,OUTSIDE,5.68,-7.44
PCLN,Q4,2/17/2016,1110.68,1245.00,75.51,134.32,134.32,1.78,OUTSIDE,6.80,12.09
PCLN,Q3,11/9/2015,1449.90,1362.30,78.54,-87.60,87.60,1.12,OUTSIDE,5.42,-6.04
PCLN,Q2,8/5/2015,1283.99,1382.62,76.45,98.63,98.63,1.29,OUTSIDE,5.95,7.68
PCLN,Q1,5/7/2015,1264.15,1224.25,66.28,-39.90,39.90,0.60,INSIDE,5.24,-3.16
PCLN,Q4,2/19/2015,1122.99,1215.00,43.77,92.01,92.01,2.10,OUTSIDE,3.90,8.19
PCLN,Q3,11/4/2014,1198.52,1113.12,48.27,-85.40,85.40,1.77,OUTSIDE,4.03,-7.13
PCLN,Q2,8/11/2014,1281.56,1278.00,47.55,-3.56,3.56,0.07,INSIDE,3.71,-0.28
PCLN,Q1,5/8/2014,1131.74,1096.61,56.953,-35.13,35.13,0.62,INSIDE,5.03,-3.10
PCLN,Q4,2/20/2014,1283.00,1325.40,66.51,42.40,42.40,0.64,INSIDE,5.18,3.30
PCLN,Q3,11/7/2013,1022.00,1055.00,57.63,33.00,33.00,0.57,INSIDE,5.64,3.23
PCLN,Q2,8/8/2013,933.00,992.00,47.55,59.00,59.00,1.24,OUTSIDE,5.10,6.32
PCLN,Q1,5/9/2013,737.50,742.00,40,4.50,4.50,0.11,INSIDE,5.42,0.61
PCLN,Q4,2/26/2013,678.49,709.05,44,30.56,30.56,0.69,INSIDE,6.48,4.50
PCLN,Q3,11/1/2012,586.10,650.60,42.21,64.50,64.50,1.53,OUTSIDE,7.20,11.00
PCLN,Q2,8/7/2012,679.80,575.10,41,-104.70,104.70,2.55,OUTSIDE,6.03,-15.40
PCLN,Q1,5/9/2012,718.95,703.12,43.44,-15.83,15.83,0.36,INSIDE,6.04,-2.20
PCLN,Q4,2/27/2012,591.54,634.81,34.7,43.27,43.27,1.25,OUTSIDE,5.87,7.31
PCLN,Q3,11/7/2011,509.00,520.00,37.45,11.00,11.00,0.29,INSIDE,7.36,2.16
PCLN,Q2,8/4/2011,483.34,537.60,29.099,54.26,54.26,1.86,OUTSIDE,6.02,11.23
PCLN,Q1,5/5/2011,533.97,530.50,31.67,-3.47,3.47,0.11,INSIDE,5.93,-0.65
PCLN,Q4,2/23/2011,425.99,466.61,26.174,40.62,40.62,1.55,OUTSIDE,6.14,9.54
PCLN,Q3,11/8/2010,388.58,421.00,32.105,32.42,32.42,1.01,OUTSIDE,8.26,8.34
PCLN,Q2,8/3/2010,230.67,272.29,16.506,41.62,41.62,2.52,OUTSIDE,7.16,18.04
PCLN,Q1,5/10/2010,249.75,212.15,24.874,-37.60,37.60,1.51,OUTSIDE,9.96,-15.05
PCLN,Q4,2/17/2010,212.87,227.85,17.502,14.98,14.98,0.86,INSIDE,8.22,7.04
PCLN,Q3,11/9/2009,173.73,194.92,15.024,21.19,21.19,1.41,OUTSIDE,8.65,12.20
PCLN,Q2,8/7/2009,131.32,142.90,10.7,11.58,11.58,1.08,OUTSIDE,8.15,8.82
PCLN,Q1,5/8/2009,104.90,102.25,9.78,-2.65,2.65,0.27,INSIDE,9.32,-2.53
PCLN,Q4,2/18/2009,68.74,79.92,5.62,11.18,11.18,1.99,OUTSIDE,8.18,16.26
PCLN,Q3,11/6/2008,52.60,52.42,5.5,-0.18,0.18,0.03,INSIDE,10.46,-0.34
PCLN,Q2,8/5/2008,117.20,101.72,14.45,-15.48,15.48,1.07,OUTSIDE,12.33,-13.21
PCLN,Q1,5/8/2008,123.78,139.89,13.32,16.11,16.11,1.21,OUTSIDE,10.76,13.02
PCLN,Q4,2/14/2008,102.23,110.96,10.31,8.73,8.73,0.85,INSIDE,10.09,8.54
PCLN,Q3,11/8/2007,84.27,98.23,9.98,13.96,13.96,1.40,OUTSIDE,11.84,16.57
PCLN,Q2,8/7/2007,65.09,77.73,7.35,12.64,12.64,1.72,OUTSIDE,11.30,19.42
PCLN,Q1,5/8/2007,64.05,62.43,3.83,-1.62,1.62,0.42,INSIDE,5.97,-2.53
PCLN,Q4,2/12/2007,45.93,49.65,2.59,3.72,3.72,1.43,OUTSIDE,5.64,8.10
PCLN,Q3,11/8/2006,40.40,43.40,3.02,3.00,3.00,0.99,INSIDE,7.48,7.43
PCLN,Q2,8/7/2006,26.41,29.85,2.61,3.44,3.44,1.32,OUTSIDE,9.87,13.03
PCLN,Q1,5/3/2006,25.30,27.01,2.65,1.71,1.71,0.64,INSIDE,10.49,6.76
PCLN,Q4,2/16/2006,22.35,23.25,1.62,0.90,0.90,0.56,INSIDE,7.23,4.03
PCLN,Q3,11/2/2005,19.50,23.41,2.44,3.91,3.91,1.61,OUTSIDE,12.49,20.05
PCLN,Q2,8/8/2005,24.33,24.37,2.64,0.04,0.04,0.02,INSIDE,10.83,0.16
PCLN,Q1,5/9/2005,26.64,24.02,2.38,-2.62,2.62,1.10,OUTSIDE,8.93,-9.83
PCLN,Q4,2/17/2005,21.14,22.60,2.04,1.46,1.46,0.72,INSIDE,9.65,6.91
PCLN,Q3,11/2/2004,20.95,21.38,2.55,0.43,0.43,0.17,INSIDE,12.17,2.05
PCLN,Q2,8/2/2004,23.71,20.61,2.55,-3.10,3.10,1.22,OUTSIDE,10.75,-13.07
PCLN,Q1,5/3/2004,24.87,24.85,3.19,-0.02,0.02,0.01,INSIDE,12.82,-0.08
PCLN,Q4,2/10/2004,21.40,23.60,2.64,2.20,2.20,0.83,INSIDE,12.31,10.28
PCLN,Q3,11/4/2003,29.25,22.39,4.76,-6.86,6.86,1.44,OUTSIDE,16.27,-23.45
PCLN,Q2,7/24/2003,25.17,30.16,3.44,4.99,4.99,1.45,OUTSIDE,13.68,19.83
PEP,Q2,7/11/2017,114.27,113.34,2.35,-0.93,0.93,0.40,INSIDE,2.05,-0.81
PEP,Q1,4/26/2017,114.16,111.75,2.02,-2.41,2.41,1.19,OUTSIDE,1.77,-2.11
PEP,Q4,2/15/2017,106.92,105.35,1.79,-1.57,1.57,0.88,INSIDE,1.68,-1.47
PEP,Q3,9/29/2016,107.38,109.50,1.62,2.12,2.12,1.31,OUTSIDE,1.51,1.97
PEP,Q2,7/7/2016,105.92,108.53,1.82,2.61,2.61,1.43,OUTSIDE,1.72,2.46
PEP,Q1,4/18/2016,103.77,104.16,1.77,0.39,0.39,0.22,INSIDE,1.71,0.38
PEP,Q4,2/11/2016,97.62,96.39,1.29,-1.23,1.23,0.96,INSIDE,1.32,-1.26
PEP,Q3,10/6/2015,95.81,97.96,1.49,2.15,2.15,1.44,OUTSIDE,1.56,2.24
PEP,Q2,7/9/2015,95.61,97.34,2.19,1.73,1.73,0.79,INSIDE,2.29,1.81
PEP,Q1,4/23/2015,97.28,97.25,1.64,-0.03,0.03,0.02,INSIDE,1.69,-0.03
PEP,Q4,2/11/2015,97.99,100.05,1.98,2.06,2.06,1.04,OUTSIDE,2.02,2.10
PEP,Q3,10/9/2014,93.94,95.35,1.84,1.41,1.41,0.76,INSIDE,1.96,1.50
PEP,Q2,7/23/2014,89.17,91.26,1.60,2.09,2.09,1.31,OUTSIDE,1.79,2.34
PEP,Q1,4/17/2014,84.77,85.90,1.73,1.13,1.13,0.65,INSIDE,2.04,1.33
PEP,Q4,2/13/2014,81.49,80.77,1.67,-0.72,0.72,0.43,INSIDE,2.05,-0.88
PEP,Q3,10/16/2013,80.60,82.00,1.95,1.40,1.40,0.72,INSIDE,2.42,1.74
PEP,Q2,7/24/2013,86.20,86.70,1.60,0.50,0.50,0.31,INSIDE,1.85,0.58
PEP,Q1,4/18/2013,78.85,80.21,1.86,1.36,1.36,0.73,INSIDE,2.36,1.72
PEP,Q4,2/14/2013,71.50,72.12,1.57,0.62,0.62,0.40,INSIDE,2.19,0.87
PEP,Q3,10/17/2012,70.30,70.23,1.61,-0.07,0.07,0.04,INSIDE,2.29,-0.10
PEP,Q2,7/25/2012,68.79,69.06,0.77,0.27,0.27,0.35,INSIDE,1.11,0.39
PEP,Q1,4/26/2012,66.67,66.65,1.30,-0.02,0.02,0.02,INSIDE,1.95,-0.03
PEP,Q4,2/9/2012,66.74,64.86,1.64,-1.88,1.88,1.14,OUTSIDE,2.46,-2.82
PEP,Q3,10/12/2011,60.95,62.37,1.36,1.42,1.42,1.04,OUTSIDE,2.24,2.33
PEP,Q2,7/21/2011,68.49,67.31,1.18,-1.18,1.18,1.00,INSIDE,1.73,-1.72
PEP,Q1,4/28/2011,67.93,67.93,1.56,0.00,0.00,0.00,INSIDE,2.30,0.00
PEP,Q4,2/10/2011,64.42,63.48,1.50,-0.94,0.94,0.63,INSIDE,2.33,-1.46
PEP,Q3,10/7/2010,68.11,66.60,1.32,-1.51,1.51,1.14,OUTSIDE,1.94,-2.22
PEP,Q2,7/20/2010,62.05,61.77,2.91,-0.28,0.28,0.10,INSIDE,4.68,-0.45
PEP,Q1,4/22/2010,65.98,65.75,0.65,-0.23,0.23,0.35,INSIDE,0.99,-0.35
PEP,Q4,2/11/2010,60.38,60.87,1.16,0.49,0.49,0.42,INSIDE,1.92,0.81
PEP,Q3,10/8/2009,61.17,61.24,1.41,0.07,0.07,0.05,INSIDE,2.30,0.11
PEP,Q2,7/22/2009,56.40,56.22,1.37,-0.18,0.18,0.13,INSIDE,2.44,-0.32
PEP,Q1,4/16/2009,52.04,52.24,0.94,0.20,0.20,0.21,INSIDE,1.80,0.38
PEP,Q4,2/13/2009,52.00,52.07,1.16,0.07,0.07,0.06,INSIDE,2.24,0.13
PEP,Q3,10/14/2008,61.77,59.33,4.18,-2.44,2.44,0.58,INSIDE,6.76,-3.95
PEP,Q2,7/23/2008,66.19,66.49,2.37,0.30,0.30,0.13,INSIDE,3.58,0.45
PEP,Q1,4/24/2008,69.19,68.81,1.83,-0.38,0.38,0.21,INSIDE,2.64,-0.55
PEP,Q4,2/6/2008,67.95,68.38,1.37,0.43,0.43,0.31,INSIDE,2.01,0.63
STZ,Q3,10/5/2017,201.18,211.75,9.00,10.57,10.57,1.17,OUTSIDE,4.47,5.25
STZ,Q1,6/29/2017,183.68,197.33,7.30,13.65,13.65,1.87,OUTSIDE,3.98,7.43
STZ,Q1,4/6/2017,161.40,169.40,7.01,8.00,8.00,1.14,OUTSIDE,4.34,4.96
STZ,Q4,1/5/2017,157.99,150.55,5.36,-7.44,7.44,1.39,OUTSIDE,3.39,-4.71
STZ,Q3,10/5/2016,165.85,172.93,4.08,7.08,7.08,1.74,OUTSIDE,2.46,4.27
STZ,Q2,6/30/2016,159.39,164.40,5.15,5.01,5.01,0.97,INSIDE,3.23,3.14
STZ,Q1,4/6/2016,151.36,158.00,5.30,6.64,6.64,1.25,OUTSIDE,3.50,4.39
STZ,Q4,1/7/2016,143.12,149.50,5.59,6.38,6.38,1.14,OUTSIDE,3.91,4.46
STZ,Q3,10/7/2015,131.32,135.40,4.17,4.08,4.08,0.98,INSIDE,3.18,3.11
STZ,Q2,7/1/2015,116.02,120.37,4.25,4.35,4.35,1.02,OUTSIDE,3.66,3.75
STZ,Q1,4/9/2015,119.17,119.19,5.35,0.02,0.02,0.00,INSIDE,4.49,0.02
STZ,Q4,1/8/2015,103.05,108.34,3.96,5.29,5.29,1.34,OUTSIDE,3.84,5.13
STZ,Q3,10/2/2014,85.26,83.81,3.63,-1.45,1.45,0.40,INSIDE,4.26,-1.70
STZ,Q2,7/2/2014,88.38,94.53,3.30,6.15,6.15,1.87,OUTSIDE,3.73,6.96
STZ,Q1,4/9/2014,81.48,85.00,4.91,3.52,3.52,0.72,INSIDE,6.02,4.32
STZ,Q4,1/8/2014,69.93,74.81,2.91,4.88,4.88,1.68,OUTSIDE,4.16,6.98
STZ,Q3,10/3/2013,58.26,58.83,3.00,0.57,0.57,0.19,INSIDE,5.15,0.98
STZ,Q2,7/2/2013,53.15,52.44,2.31,-0.71,0.71,0.31,INSIDE,4.34,-1.34
STZ,Q1,4/10/2013,48.63,48.50,2.39,-0.13,0.13,0.05,INSIDE,4.92,-0.27
STZ,Q4,1/9/2013,36.06,37.25,2.27,1.19,1.19,0.52,INSIDE,6.29,3.30
STZ,Q3,10/5/2012,34.72,35.35,3.07,0.63,0.63,0.20,INSIDE,8.85,1.81
STZ,Q2,6/29/2012,21.76,26.05,2.19,4.29,4.29,1.96,OUTSIDE,10.08,19.72
STZ,Q1,4/5/2012,24.69,22.66,1.31,-2.03,2.03,1.55,OUTSIDE,5.30,-8.22
STZ,Q4,1/5/2012,20.44,19.62,1.15,-0.82,0.82,0.71,INSIDE,5.63,-4.01
STZ,Q3,10/6/2011,18.72,19.86,0.96,1.14,1.14,1.19,OUTSIDE,5.13,6.09
STZ,Q2,6/30/2011,20.97,21.15,1.27,0.18,0.18,0.14,INSIDE,6.03,0.86
STZ,Q1,4/7/2011,20.38,20.95,1.18,0.57,0.57,0.48,INSIDE,5.77,2.80
STZ,Q4,1/6/2011,21.58,20.95,1.02,-0.63,0.63,0.62,INSIDE,4.74,-2.92
STZ,Q3,10/6/2010,17.76,17.35,0.36,-0.41,0.41,1.15,OUTSIDE,2.02,-2.31
STZ,Q2,7/1/2010,15.62,15.65,1.18,0.03,0.03,0.03,INSIDE,7.56,0.19
STZ,Q1,4/9/2010,16.85,15.98,0.49,-0.87,0.87,1.77,OUTSIDE,2.91,-5.16
STZ,Q4,1/7/2010,16.13,15.60,1.25,-0.53,0.53,0.43,INSIDE,7.72,-3.29
STZ,Q3,10/1/2009,15.15,15.70,1.21,0.55,0.55,0.46,INSIDE,7.97,3.63
STZ,Q2,7/1/2009,12.68,13.18,1.22,0.50,0.50,0.41,INSIDE,9.58,3.94
STZ,Q1,4/8/2009,11.64,11.57,1.37,-0.07,0.07,0.05,INSIDE,11.76,-0.60
STZ,Q4,1/7/2009,16.87,16.69,1.76,-0.18,0.18,0.10,INSIDE,10.41,-1.07
STZ,Q3,10/2/2008,21.63,21.44,2.07,-0.19,0.19,0.09,INSIDE,9.57,-0.88
STZ,Q2,7/1/2008,19.86,20.94,1.39,1.08,1.08,0.77,INSIDE,7.02,5.44
STZ,Q1,4/3/2008,18.72,19.58,1.31,0.86,0.86,0.66,INSIDE,6.98,4.59
TGT,Q2,8/16/2017,54.35,57.00,2.76,2.65,2.65,0.96,INSIDE,5.08,4.88
TGT,Q4,2/28/2017,66.91,57.41,2.57,-9.50,9.50,3.70,OUTSIDE,3.84,-14.20
TGT,Q3,11/16/2016,71.44,77.50,3.19,6.06,6.06,1.90,OUTSIDE,4.46,8.48
TGT,Q2,8/17/2016,75.48,70.48,2.94,-5.00,5.00,1.70,OUTSIDE,3.90,-6.62
TGT,Q1,5/18/2016,73.61,67.48,2.80,-6.13,6.13,2.19,OUTSIDE,3.80,-8.33
TGT,Q4,2/24/2016,73.99,74.39,2.97,0.40,0.40,0.13,INSIDE,4.01,0.54
TGT,Q3,11/18/2015,72.91,71.64,4.26,-1.27,1.27,0.30,INSIDE,5.84,-1.74
TGT,Q2,8/19/2015,80.30,83.95,2.52,3.65,3.65,1.45,OUTSIDE,3.14,4.55
TGT,Q1,5/20/2015,77.92,79.33,2.73,1.41,1.41,0.52,INSIDE,3.50,1.81
TGT,Q4,2/25/2015,76.95,78.08,2.56,1.13,1.13,0.44,INSIDE,3.32,1.47
TGT,Q3,11/19/2014,67.51,69.95,2.67,2.44,2.44,0.91,INSIDE,3.95,3.61
TGT,Q2,8/20/2014,59.25,58.50,1.34,-0.75,0.75,0.56,INSIDE,2.26,-1.27
TGT,Q1,5/21/2014,56.61,56.99,2.28,0.38,0.38,0.17,INSIDE,4.02,0.67
TGT,Q4,2/26/2014,56.51,58.58,2.52,2.07,2.07,0.82,INSIDE,4.46,3.66
TGT,Q3,11/21/2013,66.49,64.34,2.07,-2.15,2.15,1.04,OUTSIDE,3.11,-3.23
TGT,Q2,8/21/2013,67.95,66.42,2.38,-1.53,1.53,0.64,INSIDE,3.50,-2.25
TGT,Q1,5/22/2013,71.26,69.51,2.02,-1.75,1.75,0.87,INSIDE,2.84,-2.46
TGT,Q4,2/27/2013,64.05,62.31,1.81,-1.74,1.74,0.96,INSIDE,2.83,-2.72
TGT,Q3,11/15/2012,61.38,62.23,1.96,0.85,0.85,0.43,INSIDE,3.19,1.38
TGT,Q2,8/15/2012,63.38,64.37,2.02,0.99,0.99,0.49,INSIDE,3.19,1.56
TGT,Q1,5/16/2012,55.08,55.86,1.87,0.78,0.78,0.42,INSIDE,3.40,1.42
TGT,Q4,2/23/2012,52.97,53.46,1.23,0.49,0.49,0.40,INSIDE,2.31,0.93
TGT,Q3,11/16/2011,53.18,54.70,1.80,1.52,1.52,0.84,INSIDE,3.39,2.86
TGT,Q2,8/17/2011,49.37,52.03,1.80,2.66,2.66,1.48,OUTSIDE,3.64,5.39
TGT,Q1,5/18/2011,50.78,51.43,1.43,0.65,0.65,0.45,INSIDE,2.82,1.28
TGT,Q4,2/24/2011,50.26,50.75,2.47,0.49,0.49,0.20,INSIDE,4.92,0.97
TGT,Q3,11/17/2010,53.79,54.84,1.61,1.05,1.05,0.65,INSIDE,2.98,1.95
TGT,Q2,8/18/2010,50.93,49.37,1.32,-1.56,1.56,1.18,OUTSIDE,2.59,-3.06
TGT,Q1,5/19/2010,54.22,53.48,1.81,-0.74,0.74,0.41,INSIDE,3.34,-1.36
TGT,Q4,2/23/2010,50.64,49.90,2.36,-0.74,0.74,0.31,INSIDE,4.67,-1.46
TGT,Q3,11/17/2009,50.29,50.48,2.07,0.19,0.19,0.09,INSIDE,4.11,0.38
TGT,Q2,8/18/2009,41.38,43.56,1.75,2.18,2.18,1.25,OUTSIDE,4.23,5.27
TGT,Q1,5/20/2009,41.94,43.97,1.54,2.03,2.03,1.32,OUTSIDE,3.66,4.84
TGT,Q4,2/24/2009,28.43,27.45,2.60,-0.98,0.98,0.38,INSIDE,9.14,-3.45
TGT,Q3,11/17/2008,33.03,32.25,2.24,-0.78,0.78,0.35,INSIDE,6.78,-2.36
TGT,Q2,8/19/2008,50.05,49.90,1.16,-0.15,0.15,0.13,INSIDE,2.32,-0.30
TGT,Q1,5/20/2008,54.92,54.59,3.40,-0.33,0.33,0.10,INSIDE,6.19,-0.60
TGT,Q4,2/26/2008,53.25,52.89,2.73,-0.36,0.36,0.13,INSIDE,5.13,-0.68
TGT,Q3,11/20/2007,53.90,52.14,5.70,-1.76,1.76,0.31,INSIDE,10.57,-3.27
TGT,Q2,8/21/2007,59.09,60.20,5.23,1.11,1.11,0.21,INSIDE,8.85,1.88
TGT,Q1,5/23/2007,58.04,60.35,2.64,2.31,2.31,0.88,INSIDE,4.54,3.98
TGT,Q4,2/27/2007,62.55,61.70,2.25,-0.85,0.85,0.38,INSIDE,3.60,-1.36
TGT,Q3,11/14/2006,57.76,58.74,1.80,0.98,0.98,0.54,INSIDE,3.12,1.70
TGT,Q2,8/10/2006,45.28,45.70,1.88,0.42,0.42,0.22,INSIDE,4.15,0.93
TGT,Q1,5/15/2006,52.21,49.14,1.50,-3.07,3.07,2.05,OUTSIDE,2.87,-5.88
TGT,Q4,2/16/2006,55.80,54.90,0.83,-0.90,0.90,1.09,OUTSIDE,1.49,-1.61
TGT,Q3,11/10/2005,56.56,56.20,2.55,-0.36,0.36,0.14,INSIDE,4.51,-0.64
TGT,Q2,8/11/2005,55.54,56.70,2.55,1.16,1.16,0.45,INSIDE,4.59,2.09
TGT,Q1,5/12/2005,48.20,47.50,1.60,-0.70,0.70,0.44,INSIDE,3.32,-1.45
TGT,Q4,2/17/2005,49.82,49.70,1.02,-0.12,0.12,0.12,INSIDE,2.05,-0.24
TGT,Q3,11/11/2004,50.88,50.88,1.48,0.00,0.00,0.00,INSIDE,2.91,0.00
TGT,Q2,8/12/2004,40.42,40.80,1.84,0.38,0.38,0.21,INSIDE,4.54,0.94
TGT,Q1,5/13/2004,44.35,44.00,1.60,-0.35,0.35,0.22,INSIDE,3.60,-0.79
TGT,Q4,2/19/2004,42.29,42.90,1.54,0.61,0.61,0.40,INSIDE,3.64,1.44
TGT,Q3,11/13/2003,39.93,39.94,1.68,0.01,0.01,0.01,INSIDE,4.20,0.03
TGT,Q2,8/14/2003,39.94,38.50,1.19,-1.44,1.44,1.21,OUTSIDE,2.98,-3.61
TGT,Q1,5/15/2003,35.93,34.80,1.66,-1.13,1.13,0.68,INSIDE,4.61,-3.15
TGT,Q4,2/20/2003,27.87,27.68,2.13,-0.19,0.19,0.09,INSIDE,7.66,-0.68
TSLA,Q2,8/2/2017,325.89,345.33,20.55,19.44,19.44,0.95,INSIDE,6.31,5.97
TSLA,Q1,5/3/2017,311.02,307.44,15.96,-3.58,3.58,0.22,INSIDE,5.13,-1.15
TSLA,Q4,2/23/2017,273.51,264.00,16.50,-9.51,9.51,0.58,INSIDE,6.03,-3.48
TSLA,Q3,10/26/2016,202.24,211.34,11.19,9.10,9.10,0.81,INSIDE,5.53,4.50
TSLA,Q2,8/3/2016,225.79,225.69,12.46,-0.10,0.10,0.01,INSIDE,5.52,-0.04
TSLA,Q1,5/4/2016,222.56,228.46,18.21,5.90,5.90,0.32,INSIDE,8.18,2.65
TSLA,Q4,2/10/2016,143.67,152.00,22.85,8.33,8.33,0.36,INSIDE,15.91,5.80
TSLA,Q3,11/3/2015,208.35,227.00,17.22,18.65,18.65,1.08,OUTSIDE,8.27,8.95
TSLA,Q2,8/5/2015,270.13,249.54,21.03,-20.59,20.59,0.98,INSIDE,7.79,-7.62
TSLA,Q1,5/6/2015,230.43,221.00,16.45,-9.43,9.43,0.57,INSIDE,7.14,-4.09
TSLA,Q4,2/11/2015,212.80,193.57,18.09,-19.23,19.23,1.06,OUTSIDE,8.50,-9.04
TSLA,Q3,11/5/2014,230.97,234.49,21.04,3.52,3.52,0.17,INSIDE,9.11,1.52
TSLA,Q2,7/31/2014,223.30,226.20,18.13,2.90,2.90,0.16,INSIDE,8.12,1.30
TSLA,Q1,5/7/2014,201.35,181.96,18.80,-19.39,19.39,1.03,OUTSIDE,9.34,-9.63
TSLA,Q4,2/19/2014,193.64,215.01,21.29,21.37,21.37,1.00,OUTSIDE,10.99,11.04
TSLA,Q3,11/5/2013,176.81,154.81,18.16,-22.00,22.00,1.21,OUTSIDE,10.27,-12.44
TSLA,Q2,8/7/2013,134.23,154.36,15.34,20.13,20.13,1.31,OUTSIDE,11.43,14.99
TSLA,Q1,5/8/2013,55.78,70.12,6.10,14.34,14.34,2.35,OUTSIDE,10.94,25.71
TSLA,Q4,2/20/2013,38.54,36.49,4.10,-2.05,2.05,0.50,INSIDE,10.63,-5.32
TSLA,Q3,11/5/2012,31.50,29.80,1.06,-1.70,1.70,1.60,OUTSIDE,3.37,-5.40
UPS,Q1,4/27/2017,107.62,107.80,2.91,0.18,0.18,0.06,INSIDE,2.70,0.17
UPS,Q4,1/31/2017,117.03,111.81,2.33,-5.22,5.22,2.24,OUTSIDE,1.99,-4.46
UPS,Q3,10/27/2016,108.61,109.25,2.54,0.64,0.64,0.25,INSIDE,2.33,0.59
UPS,Q2,7/29/2016,108.73,107.00,2.85,-1.73,1.73,0.61,INSIDE,2.62,-1.59
UPS,Q1,4/28/2016,106.46,105.10,2.91,-1.36,1.36,0.47,INSIDE,2.73,-1.28
UPS,Q4,2/2/2016,94.08,95.11,2.51,1.03,1.03,0.41,INSIDE,2.66,1.09
UPS,Q3,10/27/2015,106.18,102.79,4.14,-3.39,3.39,0.82,INSIDE,3.90,-3.19
UPS,Q2,7/28/2015,95.12,97.89,2.64,2.77,2.77,1.05,OUTSIDE,2.78,2.91
UPS,Q1,4/28/2015,97.43,98.04,2.64,0.61,0.61,0.23,INSIDE,2.71,0.63
UPS,Q4,2/3/2015,100.13,100.89,2.29,0.76,0.76,0.33,INSIDE,2.29,0.76
UPS,Q3,10/24/2014,100.48,102.95,2.34,2.47,2.47,1.05,OUTSIDE,2.33,2.46
UPS,Q2,7/29/2014,102.66,99.58,2.18,-3.08,3.08,1.41,OUTSIDE,2.13,-3.00
UPS,Q1,4/24/2014,99.24,99.10,1.58,-0.14,0.14,0.09,INSIDE,1.60,-0.14
UPS,Q4,1/30/2014,95.33,96.72,1.76,1.39,1.39,0.79,INSIDE,1.85,1.46
UPS,Q3,10/25/2013,94.49,96.67,3.21,2.18,2.18,0.68,INSIDE,3.40,2.31
UPS,Q2,7/23/2013,87.61,87.71,2.33,0.10,0.10,0.04,INSIDE,2.66,0.11
UPS,Q1,4/25/2013,83.50,84.55,2.48,1.05,1.05,0.42,INSIDE,2.97,1.26
UPS,Q4,1/31/2013,81.23,79.75,1.84,-1.48,1.48,0.80,INSIDE,2.27,-1.82
UPS,Q3,10/23/2012,71.56,72.04,2.74,0.48,0.48,0.18,INSIDE,3.83,0.67
UPS,Q2,7/24/2012,77.95,75.24,2.35,-2.71,2.71,1.15,OUTSIDE,3.02,-3.48
UPS,Q1,4/26/2012,79.65,77.58,2.01,-2.07,2.07,1.03,OUTSIDE,2.52,-2.60
UPS,Q4,1/31/2012,76.15,76.54,1.56,0.39,0.39,0.25,INSIDE,2.05,0.51
UPS,Q3,10/25/2011,70.87,69.30,2.61,-1.57,1.57,0.60,INSIDE,3.68,-2.22
UPS,Q2,7/26/2011,74.05,72.34,1.74,-1.71,1.71,0.99,INSIDE,2.34,-2.31
UPS,Q1,4/26/2011,73.64,74.92,2.17,1.28,1.28,0.59,INSIDE,2.95,1.74
UPS,Q4,2/1/2011,71.62,74.00,2.38,2.38,2.38,1.00,INSIDE,3.33,3.32
UPS,Q3,10/21/2010,69.65,69.95,2.67,0.30,0.30,0.11,INSIDE,3.83,0.43
UPS,Q2,7/22/2010,60.01,63.00,4.15,2.99,2.99,0.72,INSIDE,6.92,4.98
UPS,Q1,4/27/2010,68.52,68.41,1.63,-0.11,0.11,0.07,INSIDE,2.37,-0.16
UPS,Q4,2/2/2010,58.39,59.74,1.97,1.35,1.35,0.69,INSIDE,3.37,2.31
UPS,Q3,10/22/2009,57.10,56.96,1.87,-0.14,0.14,0.07,INSIDE,3.28,-0.25
UPS,Q2,7/23/2009,52.30,51.20,3.49,-1.10,1.10,0.31,INSIDE,6.68,-2.10
UPS,Q1,4/23/2009,54.75,52.90,4.42,-1.85,1.85,0.42,INSIDE,8.07,-3.38
UPS,Q4,2/3/2009,42.42,42.70,3.79,0.28,0.28,0.07,INSIDE,8.93,0.66
UPS,Q3,10/23/2008,46.39,47.68,4.85,1.29,1.29,0.27,INSIDE,10.45,2.78
UPS,Q2,7/22/2008,59.46,59.03,3.61,-0.43,0.43,0.12,INSIDE,6.07,-0.72
UPS,Q1,4/22/2008,72.52,72.00,2.02,-0.52,0.52,0.26,INSIDE,2.79,-0.72
UPS,Q4,1/29/2008,71.05,69.31,4.02,-1.74,1.74,0.43,INSIDE,5.66,-2.45
